insert into accounts (id, first_name, last_name, email, password, phone, date_created, image_url, role, visible_tags) values (1, 'Admin', 'Admin', 'admin@admin.com', '$2a$10$QZ2GJNCiLgx8RhUEXUbWje5BGkBvHGOqLe7JtRVs8ZZm4hjlIBVDe', '9569803619', '02/29/2020', null, 'ADMIN', false);
insert into accounts (id, first_name, last_name, email, password, phone, date_created, image_url, role, visible_tags) values (2, 'Alicea', 'Dufaur', 'adufaur1@vkontakte.ru', '$2a$10$jW1t8pqOStmxhQIB.T4XaOJoWodCZqCYNIib9X4cunCv98nAmdU7e', '9703970850', '04/24/2021', null, 'USER', false);
insert into accounts (id, first_name, last_name, email, password, phone, date_created, image_url, role, visible_tags) values (3, 'Briant', 'Aldington', 'baldington2@mlb.com', '$2a$10$jW1t8pqOStmxhQIB.T4XaOJoWodCZqCYNIib9X4cunCv98nAmdU7e', '8374319333', '09/30/2019', null, 'USER', false);
insert into accounts (id, first_name, last_name, email, password, phone, date_created, image_url, role, visible_tags) values (4, 'Isidro', 'Taffarello', 'itaffarello3@japanpost.jp', '$2a$10$jW1t8pqOStmxhQIB.T4XaOJoWodCZqCYNIib9X4cunCv98nAmdU7e', '9131014192', '04/13/2020', null, 'USER', true);
insert into accounts (id, first_name, last_name, email, password, phone, date_created, image_url, role, visible_tags) values (5, 'Ancell', 'Pimerick', 'apimerick4@tuttocitta.it', '$2a$10$jW1t8pqOStmxhQIB.T4XaOJoWodCZqCYNIib9X4cunCv98nAmdU7e', '5783946539', '12/20/2020', null, 'USER', false);
insert into accounts (id, first_name, last_name, email, password, phone, date_created, image_url, role, visible_tags) values (6, 'Elihu', 'Whistlecraft', 'ewhistlecraft5@gravatar.com', '$2a$10$jW1t8pqOStmxhQIB.T4XaOJoWodCZqCYNIib9X4cunCv98nAmdU7e', '9538310403', '11/03/2019', null, 'USER', true);
insert into accounts (id, first_name, last_name, email, password, phone, date_created, image_url, role, visible_tags) values (7, 'Penelopa', 'Toller', 'ptoller6@deliciousdays.com', '$2a$10$jW1t8pqOStmxhQIB.T4XaOJoWodCZqCYNIib9X4cunCv98nAmdU7e', '7192125534', '12/16/2019', null, 'USER', false);
insert into accounts (id, first_name, last_name, email, password, phone, date_created, image_url, role, visible_tags) values (8, 'Liuka', 'Moyce', 'lmoyce7@ustream.tv', '$2a$10$jW1t8pqOStmxhQIB.T4XaOJoWodCZqCYNIib9X4cunCv98nAmdU7e', '8455721807', '01/19/2020', null, 'USER', true);
insert into accounts (id, first_name, last_name, email, password, phone, date_created, image_url, role, visible_tags) values (9, 'Pamela', 'Danick', 'pdanick8@macromedia.com', '$2a$10$jW1t8pqOStmxhQIB.T4XaOJoWodCZqCYNIib9X4cunCv98nAmdU7e', '6272732889', '08/30/2019', null, 'USER', false);
insert into accounts (id, first_name, last_name, email, password, phone, date_created, image_url, role, visible_tags) values (10, 'Alane', 'Packe', 'apacke9@go.com', '$2a$10$jW1t8pqOStmxhQIB.T4XaOJoWodCZqCYNIib9X4cunCv98nAmdU7e', '7083388415', '05/10/2021', null, 'USER', true);
insert into accounts (id, first_name, last_name, email, password, phone, date_created, image_url, role, visible_tags) values (11, 'Uriah', 'Baughn', 'ubaughna@diigo.com', '$2a$10$jW1t8pqOStmxhQIB.T4XaOJoWodCZqCYNIib9X4cunCv98nAmdU7e', '8342187375', '05/16/2021', null, 'USER', true);
insert into accounts (id, first_name, last_name, email, password, phone, date_created, image_url, role, visible_tags) values (12, 'Kiele', 'McJerrow', 'kmcjerrowb@disqus.com', '$2a$10$jW1t8pqOStmxhQIB.T4XaOJoWodCZqCYNIib9X4cunCv98nAmdU7e', '5905159442', '12/18/2019', null, 'USER', true);
insert into accounts (id, first_name, last_name, email, password, phone, date_created, image_url, role, visible_tags) values (13, 'Hamish', 'Jeram', 'hjeramc@webs.com', '$2a$10$jW1t8pqOStmxhQIB.T4XaOJoWodCZqCYNIib9X4cunCv98nAmdU7e', '1933680174', '08/14/2021', null, 'USER', true);
insert into accounts (id, first_name, last_name, email, password, phone, date_created, image_url, role, visible_tags) values (14, 'Emory', 'Satterley', 'esatterleyd@meetup.com', '$2a$10$jW1t8pqOStmxhQIB.T4XaOJoWodCZqCYNIib9X4cunCv98nAmdU7e', '6634710584', '07/27/2019', null, 'USER', true);
insert into accounts (id, first_name, last_name, email, password, phone, date_created, image_url, role, visible_tags) values (15, 'Dalila', 'Gino', 'dginoe@nbcnews.com', '$2a$10$jW1t8pqOStmxhQIB.T4XaOJoWodCZqCYNIib9X4cunCv98nAmdU7e', '8997564726', '08/13/2019', null, 'USER', true);
insert into accounts (id, first_name, last_name, email, password, phone, date_created, image_url, role, visible_tags) values (16, 'Kellsie', 'Patters', 'kpattersf@tinypic.com', '$2a$10$jW1t8pqOStmxhQIB.T4XaOJoWodCZqCYNIib9X4cunCv98nAmdU7e', '4769251787', '01/10/2021', null, 'USER', true);
insert into accounts (id, first_name, last_name, email, password, phone, date_created, image_url, role, visible_tags) values (17, 'Rakel', 'Delgardillo', 'rdelgardillog@dyndns.org', '$2a$10$jW1t8pqOStmxhQIB.T4XaOJoWodCZqCYNIib9X4cunCv98nAmdU7e', '9641945555', '10/03/2019', null, 'USER', false);
insert into accounts (id, first_name, last_name, email, password, phone, date_created, image_url, role, visible_tags) values (18, 'Marga', 'Javes', 'mjavesh@merriam-webster.com', '$2a$10$jW1t8pqOStmxhQIB.T4XaOJoWodCZqCYNIib9X4cunCv98nAmdU7e', '1942842274', '05/04/2021', null, 'USER', false);
insert into accounts (id, first_name, last_name, email, password, phone, date_created, image_url, role, visible_tags) values (19, 'Chucho', 'McFee', 'cmcfeei@360.cn', '$2a$10$jW1t8pqOStmxhQIB.T4XaOJoWodCZqCYNIib9X4cunCv98nAmdU7e', '9135800825', '10/18/2020', null, 'USER', true);
insert into accounts (id, first_name, last_name, email, password, phone, date_created, image_url, role, visible_tags) values (20, 'Andras', 'Behagg', 'abehaggj@chicagotribune.com', '$2a$10$jW1t8pqOStmxhQIB.T4XaOJoWodCZqCYNIib9X4cunCv98nAmdU7e', '7636154537', '07/05/2021', null, 'USER', true);
insert into accounts (id, first_name, last_name, email, password, phone, date_created, image_url, role, visible_tags) values (21, 'Leona', 'Janicki', 'ljanickik@vinaora.com', '$2a$10$jW1t8pqOStmxhQIB.T4XaOJoWodCZqCYNIib9X4cunCv98nAmdU7e', '2522192150', '12/06/2020', null, 'USER', true);
insert into accounts (id, first_name, last_name, email, password, phone, date_created, image_url, role, visible_tags) values (22, 'Elset', 'Iowarch', 'eiowarchl@netlog.com', '$2a$10$jW1t8pqOStmxhQIB.T4XaOJoWodCZqCYNIib9X4cunCv98nAmdU7e', '3004710836', '02/23/2020', null, 'USER', false);
insert into accounts (id, first_name, last_name, email, password, phone, date_created, image_url, role, visible_tags) values (23, 'Emmit', 'Launchbury', 'elaunchburym@sogou.com', '$2a$10$jW1t8pqOStmxhQIB.T4XaOJoWodCZqCYNIib9X4cunCv98nAmdU7e', '5222177787', '04/02/2019', null, 'USER', true);
insert into accounts (id, first_name, last_name, email, password, phone, date_created, image_url, role, visible_tags) values (24, 'Marven', 'Ruttgers', 'mruttgersn@msn.com', '$2a$10$jW1t8pqOStmxhQIB.T4XaOJoWodCZqCYNIib9X4cunCv98nAmdU7e', '4787420347', '01/09/2020', null, 'USER', true);
insert into accounts (id, first_name, last_name, email, password, phone, date_created, image_url, role, visible_tags) values (25, 'Brooks', 'Dwire', 'bdwireo@slashdot.org', '$2a$10$jW1t8pqOStmxhQIB.T4XaOJoWodCZqCYNIib9X4cunCv98nAmdU7e', '2569008841', '12/10/2020', null, 'USER', false);
insert into accounts (id, first_name, last_name, email, password, phone, date_created, image_url, role, visible_tags) values (26, 'Georgia', 'Normanton', 'gnormantonp@abc.net.au', '$2a$10$jW1t8pqOStmxhQIB.T4XaOJoWodCZqCYNIib9X4cunCv98nAmdU7e', '3351400771', '05/15/2020', null, 'USER', true);
insert into accounts (id, first_name, last_name, email, password, phone, date_created, image_url, role, visible_tags) values (27, 'Derry', 'Bearn', 'dbearnq@fastcompany.com', '$2a$10$jW1t8pqOStmxhQIB.T4XaOJoWodCZqCYNIib9X4cunCv98nAmdU7e', '4914695182', '05/26/2020', null, 'USER', true);
insert into accounts (id, first_name, last_name, email, password, phone, date_created, image_url, role, visible_tags) values (28, 'Michel', 'Wall', 'mwallr@auda.org.au', '$2a$10$jW1t8pqOStmxhQIB.T4XaOJoWodCZqCYNIib9X4cunCv98nAmdU7e', '7794629779', '12/25/2019', null, 'USER', false);
insert into accounts (id, first_name, last_name, email, password, phone, date_created, image_url, role, visible_tags) values (29, 'Gwen', 'Duckerin', 'gduckerins@squidoo.com', '$2a$10$jW1t8pqOStmxhQIB.T4XaOJoWodCZqCYNIib9X4cunCv98nAmdU7e', '3348734781', '11/22/2020', null, 'USER', false);
insert into accounts (id, first_name, last_name, email, password, phone, date_created, image_url, role, visible_tags) values (30, 'Johny', 'Kopta', 'jkoptat@odnoklassniki.ru', '$2a$10$jW1t8pqOStmxhQIB.T4XaOJoWodCZqCYNIib9X4cunCv98nAmdU7e', '6962015262', '11/07/2019', null, 'USER', false);
insert into accounts (id, first_name, last_name, email, password, phone, date_created, image_url, role, visible_tags) values (31, 'Melesa', 'Bown', 'mbownu@arizona.edu', '$2a$10$jW1t8pqOStmxhQIB.T4XaOJoWodCZqCYNIib9X4cunCv98nAmdU7e', '7381294534', '06/12/2020', null, 'USER', false);
insert into accounts (id, first_name, last_name, email, password, phone, date_created, image_url, role, visible_tags) values (32, 'Rheta', 'Bowne', 'rbownev@cocolog-nifty.com', '$2a$10$jW1t8pqOStmxhQIB.T4XaOJoWodCZqCYNIib9X4cunCv98nAmdU7e', '3867114507', '03/10/2021', null, 'USER', true);
insert into accounts (id, first_name, last_name, email, password, phone, date_created, image_url, role, visible_tags) values (33, 'Florina', 'Joskovitch', 'fjoskovitchw@meetup.com', '$2a$10$jW1t8pqOStmxhQIB.T4XaOJoWodCZqCYNIib9X4cunCv98nAmdU7e', '6784882622', '07/03/2021', null, 'USER', false);
insert into accounts (id, first_name, last_name, email, password, phone, date_created, image_url, role, visible_tags) values (34, 'Ansel', 'Acuna', 'aacunax@liveinternet.ru', '$2a$10$jW1t8pqOStmxhQIB.T4XaOJoWodCZqCYNIib9X4cunCv98nAmdU7e', '4153704267', '06/15/2020', null, 'USER', false);
insert into accounts (id, first_name, last_name, email, password, phone, date_created, image_url, role, visible_tags) values (35, 'Austin', 'Yakobowitz', 'ayakobowitzy@dion.ne.jp', '$2a$10$jW1t8pqOStmxhQIB.T4XaOJoWodCZqCYNIib9X4cunCv98nAmdU7e', '1304249306', '07/21/2019', null, 'USER', true);
insert into accounts (id, first_name, last_name, email, password, phone, date_created, image_url, role, visible_tags) values (36, 'Adiana', 'Greeding', 'agreedingz@privacy.gov.au', '$2a$10$jW1t8pqOStmxhQIB.T4XaOJoWodCZqCYNIib9X4cunCv98nAmdU7e', '3284903018', '04/16/2020', null, 'USER', false);
insert into accounts (id, first_name, last_name, email, password, phone, date_created, image_url, role, visible_tags) values (37, 'Corrie', 'Blowfield', 'cblowfield10@blogger.com', '$2a$10$jW1t8pqOStmxhQIB.T4XaOJoWodCZqCYNIib9X4cunCv98nAmdU7e', '5758924395', '03/29/2020', null, 'USER', false);
insert into accounts (id, first_name, last_name, email, password, phone, date_created, image_url, role, visible_tags) values (38, 'Othilia', 'Sibille', 'osibille11@cornell.edu', '$2a$10$jW1t8pqOStmxhQIB.T4XaOJoWodCZqCYNIib9X4cunCv98nAmdU7e', '8976747322', '08/07/2020', null, 'USER', false);
insert into accounts (id, first_name, last_name, email, password, phone, date_created, image_url, role, visible_tags) values (39, 'Amye', 'Wyley', 'awyley12@amazon.de', '$2a$10$jW1t8pqOStmxhQIB.T4XaOJoWodCZqCYNIib9X4cunCv98nAmdU7e', '6854646315', '06/23/2021', null, 'USER', true);
insert into accounts (id, first_name, last_name, email, password, phone, date_created, image_url, role, visible_tags) values (40, 'Ivy', 'Lowrance', 'ilowrance13@newsvine.com', '$2a$10$jW1t8pqOStmxhQIB.T4XaOJoWodCZqCYNIib9X4cunCv98nAmdU7e', '4457065124', '12/06/2020', null, 'USER', true);
insert into accounts (id, first_name, last_name, email, password, phone, date_created, image_url, role, visible_tags) values (41, 'Clarita', 'Heakins', 'cheakins14@skype.com', '$2a$10$jW1t8pqOStmxhQIB.T4XaOJoWodCZqCYNIib9X4cunCv98nAmdU7e', '3816276636', '08/31/2020', null, 'USER', true);
insert into accounts (id, first_name, last_name, email, password, phone, date_created, image_url, role, visible_tags) values (42, 'Oliviero', 'Oda', 'ooda15@myspace.com', '$2a$10$jW1t8pqOStmxhQIB.T4XaOJoWodCZqCYNIib9X4cunCv98nAmdU7e', '5585265380', '08/04/2020', null, 'USER', true);
insert into accounts (id, first_name, last_name, email, password, phone, date_created, image_url, role, visible_tags) values (43, 'Elna', 'Oxenford', 'eoxenford16@soup.io', '$2a$10$jW1t8pqOStmxhQIB.T4XaOJoWodCZqCYNIib9X4cunCv98nAmdU7e', '4999505518', '08/31/2021', null, 'USER', true);
insert into accounts (id, first_name, last_name, email, password, phone, date_created, image_url, role, visible_tags) values (44, 'Pepillo', 'Kingdom', 'pkingdom17@usgs.gov', '$2a$10$jW1t8pqOStmxhQIB.T4XaOJoWodCZqCYNIib9X4cunCv98nAmdU7e', '4845817573', '11/18/2020', null, 'USER', false);
insert into accounts (id, first_name, last_name, email, password, phone, date_created, image_url, role, visible_tags) values (45, 'Charmane', 'Ellard', 'cellard18@altervista.org', '$2a$10$jW1t8pqOStmxhQIB.T4XaOJoWodCZqCYNIib9X4cunCv98nAmdU7e', '2128071707', '10/25/2020', null, 'USER', true);
insert into accounts (id, first_name, last_name, email, password, phone, date_created, image_url, role, visible_tags) values (46, 'Clement', 'Fakeley', 'cfakeley19@marriott.com', '$2a$10$jW1t8pqOStmxhQIB.T4XaOJoWodCZqCYNIib9X4cunCv98nAmdU7e', '2334133188', '02/05/2020', null, 'USER', false);
insert into accounts (id, first_name, last_name, email, password, phone, date_created, image_url, role, visible_tags) values (47, 'Gilda', 'Kinner', 'gkinner1a@fc2.com', '$2a$10$jW1t8pqOStmxhQIB.T4XaOJoWodCZqCYNIib9X4cunCv98nAmdU7e', '7895341945', '04/07/2020', null, 'USER', true);
insert into accounts (id, first_name, last_name, email, password, phone, date_created, image_url, role, visible_tags) values (48, 'Violet', 'Calvey', 'vcalvey1b@europa.eu', '$2a$10$jW1t8pqOStmxhQIB.T4XaOJoWodCZqCYNIib9X4cunCv98nAmdU7e', '7547016741', '04/06/2020', null, 'USER', true);
insert into accounts (id, first_name, last_name, email, password, phone, date_created, image_url, role, visible_tags) values (49, 'Dorthy', 'Wareing', 'dwareing1c@studiopress.com', '$2a$10$jW1t8pqOStmxhQIB.T4XaOJoWodCZqCYNIib9X4cunCv98nAmdU7e', '5329189921', '06/06/2019', null, 'USER', true);
insert into accounts (id, first_name, last_name, email, password, phone, date_created, image_url, role, visible_tags) values (50, 'Melanie', 'Hayen', 'mhayen1d@delicious.com', '$2a$10$jW1t8pqOStmxhQIB.T4XaOJoWodCZqCYNIib9X4cunCv98nAmdU7e', '1233708455', '08/12/2021', null, 'USER', true);
insert into accounts (id, first_name, last_name, email, password, phone, date_created, image_url, role, visible_tags) values (51, 'Julita', 'Masding', 'jmasding1e@artisteer.com', '$2a$10$jW1t8pqOStmxhQIB.T4XaOJoWodCZqCYNIib9X4cunCv98nAmdU7e', '9588167660', '10/16/2019', null, 'USER', false);
insert into accounts (id, first_name, last_name, email, password, phone, date_created, image_url, role, visible_tags) values (52, 'Mercy', 'Gleeton', 'mgleeton1f@phoca.cz', '$2a$10$jW1t8pqOStmxhQIB.T4XaOJoWodCZqCYNIib9X4cunCv98nAmdU7e', '2002945327', '06/17/2019', null, 'USER', true);
insert into accounts (id, first_name, last_name, email, password, phone, date_created, image_url, role, visible_tags) values (53, 'Raffarty', 'Exposito', 'rexposito1g@w3.org', '$2a$10$jW1t8pqOStmxhQIB.T4XaOJoWodCZqCYNIib9X4cunCv98nAmdU7e', '4141368169', '08/23/2020', null, 'USER', true);
insert into accounts (id, first_name, last_name, email, password, phone, date_created, image_url, role, visible_tags) values (54, 'Eulalie', 'Spurdens', 'espurdens1h@yolasite.com', '$2a$10$jW1t8pqOStmxhQIB.T4XaOJoWodCZqCYNIib9X4cunCv98nAmdU7e', '2251408286', '06/23/2021', null, 'USER', false);
insert into accounts (id, first_name, last_name, email, password, phone, date_created, image_url, role, visible_tags) values (55, 'Marin', 'Merwede', 'mmerwede1i@xing.com', '$2a$10$jW1t8pqOStmxhQIB.T4XaOJoWodCZqCYNIib9X4cunCv98nAmdU7e', '5292480437', '06/10/2019', null, 'USER', true);
insert into accounts (id, first_name, last_name, email, password, phone, date_created, image_url, role, visible_tags) values (56, 'Ashlen', 'Warnock', 'awarnock1j@huffingtonpost.com', '$2a$10$jW1t8pqOStmxhQIB.T4XaOJoWodCZqCYNIib9X4cunCv98nAmdU7e', '5991089720', '09/05/2021', null, 'USER', true);
insert into accounts (id, first_name, last_name, email, password, phone, date_created, image_url, role, visible_tags) values (57, 'Margareta', 'Yglesia', 'myglesia1k@berkeley.edu', '$2a$10$jW1t8pqOStmxhQIB.T4XaOJoWodCZqCYNIib9X4cunCv98nAmdU7e', '5487999063', '11/12/2020', null, 'USER', false);
insert into accounts (id, first_name, last_name, email, password, phone, date_created, image_url, role, visible_tags) values (58, 'Claudius', 'Jarmyn', 'cjarmyn1l@msu.edu', '$2a$10$jW1t8pqOStmxhQIB.T4XaOJoWodCZqCYNIib9X4cunCv98nAmdU7e', '1783325831', '08/04/2019', null, 'USER', false);
insert into accounts (id, first_name, last_name, email, password, phone, date_created, image_url, role, visible_tags) values (59, 'Alistair', 'Pyper', 'apyper1m@sun.com', '$2a$10$jW1t8pqOStmxhQIB.T4XaOJoWodCZqCYNIib9X4cunCv98nAmdU7e', '4836194780', '12/01/2020', null, 'USER', true);
insert into accounts (id, first_name, last_name, email, password, phone, date_created, image_url, role, visible_tags) values (60, 'Kendal', 'Shall', 'kshall1n@marketwatch.com', '$2a$10$jW1t8pqOStmxhQIB.T4XaOJoWodCZqCYNIib9X4cunCv98nAmdU7e', '5028313482', '10/23/2020', null, 'USER', false);
insert into accounts (id, first_name, last_name, email, password, phone, date_created, image_url, role, visible_tags) values (61, 'Rivkah', 'MacAlister', 'rmacalister1o@ted.com', '$2a$10$jW1t8pqOStmxhQIB.T4XaOJoWodCZqCYNIib9X4cunCv98nAmdU7e', '1543945458', '08/17/2021', null, 'USER', false);
insert into accounts (id, first_name, last_name, email, password, phone, date_created, image_url, role, visible_tags) values (62, 'Any', 'Benam', 'abenam1p@google.nl', '$2a$10$jW1t8pqOStmxhQIB.T4XaOJoWodCZqCYNIib9X4cunCv98nAmdU7e', '7105127306', '04/10/2020', null, 'USER', false);
insert into accounts (id, first_name, last_name, email, password, phone, date_created, image_url, role, visible_tags) values (63, 'Grove', 'Mathison', 'gmathison1q@fotki.com', '$2a$10$jW1t8pqOStmxhQIB.T4XaOJoWodCZqCYNIib9X4cunCv98nAmdU7e', '8404044477', '08/31/2021', null, 'USER', false);
insert into accounts (id, first_name, last_name, email, password, phone, date_created, image_url, role, visible_tags) values (64, 'Brianna', 'Saxby', 'bsaxby1r@webs.com', '$2a$10$jW1t8pqOStmxhQIB.T4XaOJoWodCZqCYNIib9X4cunCv98nAmdU7e', '2808112130', '07/15/2019', null, 'USER', false);
insert into accounts (id, first_name, last_name, email, password, phone, date_created, image_url, role, visible_tags) values (65, 'Rubin', 'Ioselev', 'rioselev1s@bravesites.com', '$2a$10$jW1t8pqOStmxhQIB.T4XaOJoWodCZqCYNIib9X4cunCv98nAmdU7e', '3629887592', '05/27/2021', null, 'USER', false);
insert into accounts (id, first_name, last_name, email, password, phone, date_created, image_url, role, visible_tags) values (66, 'Florencia', 'Gear', 'fgear1t@auda.org.au', '$2a$10$jW1t8pqOStmxhQIB.T4XaOJoWodCZqCYNIib9X4cunCv98nAmdU7e', '5228447328', '02/04/2021', null, 'USER', false);
insert into accounts (id, first_name, last_name, email, password, phone, date_created, image_url, role, visible_tags) values (67, 'Sheri', 'Novill', 'snovill1u@tripadvisor.com', '$2a$10$jW1t8pqOStmxhQIB.T4XaOJoWodCZqCYNIib9X4cunCv98nAmdU7e', '3266101287', '08/29/2020', null, 'USER', false);
insert into accounts (id, first_name, last_name, email, password, phone, date_created, image_url, role, visible_tags) values (68, 'Gwenette', 'Debell', 'gdebell1v@ameblo.jp', '$2a$10$jW1t8pqOStmxhQIB.T4XaOJoWodCZqCYNIib9X4cunCv98nAmdU7e', '9948106774', '12/19/2019', null, 'USER', true);
insert into accounts (id, first_name, last_name, email, password, phone, date_created, image_url, role, visible_tags) values (69, 'Maryann', 'Conachy', 'mconachy1w@jalbum.net', '$2a$10$jW1t8pqOStmxhQIB.T4XaOJoWodCZqCYNIib9X4cunCv98nAmdU7e', '5478020391', '03/18/2020', null, 'USER', true);
insert into accounts (id, first_name, last_name, email, password, phone, date_created, image_url, role, visible_tags) values (70, 'Antony', 'Meneghi', 'ameneghi1x@mozilla.com', '$2a$10$jW1t8pqOStmxhQIB.T4XaOJoWodCZqCYNIib9X4cunCv98nAmdU7e', '8581445273', '10/25/2019', null, 'USER', true);
insert into accounts (id, first_name, last_name, email, password, phone, date_created, image_url, role, visible_tags) values (71, 'Annette', 'Jedrasik', 'ajedrasik1y@hexun.com', '$2a$10$jW1t8pqOStmxhQIB.T4XaOJoWodCZqCYNIib9X4cunCv98nAmdU7e', '2538818488', '04/25/2021', null, 'USER', false);
insert into accounts (id, first_name, last_name, email, password, phone, date_created, image_url, role, visible_tags) values (72, 'Torrin', 'Schoolcroft', 'tschoolcroft1z@sakura.ne.jp', '$2a$10$jW1t8pqOStmxhQIB.T4XaOJoWodCZqCYNIib9X4cunCv98nAmdU7e', '9799438384', '06/25/2019', null, 'USER', true);
insert into accounts (id, first_name, last_name, email, password, phone, date_created, image_url, role, visible_tags) values (73, 'Samantha', 'Schruyers', 'sschruyers20@eepurl.com', '$2a$10$jW1t8pqOStmxhQIB.T4XaOJoWodCZqCYNIib9X4cunCv98nAmdU7e', '2296764233', '02/21/2021', null, 'USER', true);
insert into accounts (id, first_name, last_name, email, password, phone, date_created, image_url, role, visible_tags) values (74, 'Emmerich', 'McLorinan', 'emclorinan21@telegraph.co.uk', '$2a$10$jW1t8pqOStmxhQIB.T4XaOJoWodCZqCYNIib9X4cunCv98nAmdU7e', '1796707332', '04/08/2020', null, 'USER', false);
insert into accounts (id, first_name, last_name, email, password, phone, date_created, image_url, role, visible_tags) values (75, 'Trista', 'Lube', 'tlube22@army.mil', '$2a$10$jW1t8pqOStmxhQIB.T4XaOJoWodCZqCYNIib9X4cunCv98nAmdU7e', '2627066832', '04/22/2021', null, 'USER', true);
insert into accounts (id, first_name, last_name, email, password, phone, date_created, image_url, role, visible_tags) values (76, 'Chen', 'Hustler', 'chustler23@360.cn', '$2a$10$jW1t8pqOStmxhQIB.T4XaOJoWodCZqCYNIib9X4cunCv98nAmdU7e', '6457720704', '09/27/2020', null, 'USER', false);
insert into accounts (id, first_name, last_name, email, password, phone, date_created, image_url, role, visible_tags) values (77, 'Franchot', 'Forgie', 'fforgie24@example.com', '$2a$10$jW1t8pqOStmxhQIB.T4XaOJoWodCZqCYNIib9X4cunCv98nAmdU7e', '7248249889', '06/12/2020', null, 'USER', true);
insert into accounts (id, first_name, last_name, email, password, phone, date_created, image_url, role, visible_tags) values (78, 'Rik', 'Fant', 'rfant25@phpbb.com', '$2a$10$jW1t8pqOStmxhQIB.T4XaOJoWodCZqCYNIib9X4cunCv98nAmdU7e', '6757724679', '02/21/2021', null, 'USER', false);
insert into accounts (id, first_name, last_name, email, password, phone, date_created, image_url, role, visible_tags) values (79, 'Julian', 'Yardley', 'jyardley26@mapquest.com', '$2a$10$jW1t8pqOStmxhQIB.T4XaOJoWodCZqCYNIib9X4cunCv98nAmdU7e', '6715966846', '07/14/2019', null, 'USER', false);
insert into accounts (id, first_name, last_name, email, password, phone, date_created, image_url, role, visible_tags) values (80, 'Ramsay', 'Ilyinykh', 'rilyinykh27@slideshare.net', '$2a$10$jW1t8pqOStmxhQIB.T4XaOJoWodCZqCYNIib9X4cunCv98nAmdU7e', '4653517302', '07/07/2020', null, 'USER', false);
insert into accounts (id, first_name, last_name, email, password, phone, date_created, image_url, role, visible_tags) values (81, 'Carny', 'Sonschein', 'csonschein28@cornell.edu', '$2a$10$jW1t8pqOStmxhQIB.T4XaOJoWodCZqCYNIib9X4cunCv98nAmdU7e', '7425682496', '01/20/2020', null, 'USER', true);
insert into accounts (id, first_name, last_name, email, password, phone, date_created, image_url, role, visible_tags) values (82, 'Washington', 'Heugh', 'wheugh29@buzzfeed.com', '$2a$10$jW1t8pqOStmxhQIB.T4XaOJoWodCZqCYNIib9X4cunCv98nAmdU7e', '5457761667', '09/08/2019', null, 'USER', true);
insert into accounts (id, first_name, last_name, email, password, phone, date_created, image_url, role, visible_tags) values (83, 'Thayne', 'Crome', 'tcrome2a@gravatar.com', '$2a$10$jW1t8pqOStmxhQIB.T4XaOJoWodCZqCYNIib9X4cunCv98nAmdU7e', '9122574532', '05/16/2021', null, 'USER', false);
insert into accounts (id, first_name, last_name, email, password, phone, date_created, image_url, role, visible_tags) values (84, 'Wilhelmine', 'Basilone', 'wbasilone2b@sfgate.com', '$2a$10$jW1t8pqOStmxhQIB.T4XaOJoWodCZqCYNIib9X4cunCv98nAmdU7e', '8046085321', '08/27/2019', null, 'USER', true);
insert into accounts (id, first_name, last_name, email, password, phone, date_created, image_url, role, visible_tags) values (85, 'Fabian', 'Matchitt', 'fmatchitt2c@addtoany.com', '$2a$10$jW1t8pqOStmxhQIB.T4XaOJoWodCZqCYNIib9X4cunCv98nAmdU7e', '8567877337', '06/19/2021', null, 'USER', false);
insert into accounts (id, first_name, last_name, email, password, phone, date_created, image_url, role, visible_tags) values (86, 'Alikee', 'Pessolt', 'apessolt2d@thetimes.co.uk', '$2a$10$jW1t8pqOStmxhQIB.T4XaOJoWodCZqCYNIib9X4cunCv98nAmdU7e', '7731314330', '02/28/2020', null, 'USER', true);
insert into accounts (id, first_name, last_name, email, password, phone, date_created, image_url, role, visible_tags) values (87, 'Ada', 'Grumley', 'agrumley2e@mozilla.org', '$2a$10$jW1t8pqOStmxhQIB.T4XaOJoWodCZqCYNIib9X4cunCv98nAmdU7e', '9169769535', '03/23/2020', null, 'USER', true);
insert into accounts (id, first_name, last_name, email, password, phone, date_created, image_url, role, visible_tags) values (88, 'Sol', 'Darthe', 'sdarthe2f@chronoengine.com', '$2a$10$jW1t8pqOStmxhQIB.T4XaOJoWodCZqCYNIib9X4cunCv98nAmdU7e', '9936997003', '01/08/2020', null, 'USER', false);
insert into accounts (id, first_name, last_name, email, password, phone, date_created, image_url, role, visible_tags) values (89, 'Zacharia', 'Baron', 'zbaron2g@usgs.gov', '$2a$10$jW1t8pqOStmxhQIB.T4XaOJoWodCZqCYNIib9X4cunCv98nAmdU7e', '8647830377', '06/03/2020', null, 'USER', true);
insert into accounts (id, first_name, last_name, email, password, phone, date_created, image_url, role, visible_tags) values (90, 'Paule', 'Antony', 'pantony2h@newsvine.com', '$2a$10$jW1t8pqOStmxhQIB.T4XaOJoWodCZqCYNIib9X4cunCv98nAmdU7e', '4325103070', '07/14/2020', null, 'USER', true);
insert into accounts (id, first_name, last_name, email, password, phone, date_created, image_url, role, visible_tags) values (91, 'Bobbette', 'Bruyns', 'bbruyns2i@google.com', '$2a$10$jW1t8pqOStmxhQIB.T4XaOJoWodCZqCYNIib9X4cunCv98nAmdU7e', '7147982613', '07/24/2021', null, 'USER', true);
insert into accounts (id, first_name, last_name, email, password, phone, date_created, image_url, role, visible_tags) values (92, 'Jan', 'Skule', 'jskule2j@symantec.com', '$2a$10$jW1t8pqOStmxhQIB.T4XaOJoWodCZqCYNIib9X4cunCv98nAmdU7e', '7012432541', '11/10/2020', null, 'USER', true);
insert into accounts (id, first_name, last_name, email, password, phone, date_created, image_url, role, visible_tags) values (93, 'Prisca', 'Mushawe', 'pmushawe2k@a8.net', '$2a$10$jW1t8pqOStmxhQIB.T4XaOJoWodCZqCYNIib9X4cunCv98nAmdU7e', '9003980587', '06/26/2021', null, 'USER', true);
insert into accounts (id, first_name, last_name, email, password, phone, date_created, image_url, role, visible_tags) values (94, 'Sibeal', 'Dunne', 'sdunne2l@huffingtonpost.com', '$2a$10$jW1t8pqOStmxhQIB.T4XaOJoWodCZqCYNIib9X4cunCv98nAmdU7e', '9498152602', '10/16/2019', null, 'USER', true);
insert into accounts (id, first_name, last_name, email, password, phone, date_created, image_url, role, visible_tags) values (95, 'Silvie', 'Ottewell', 'sottewell2m@sourceforge.net', '$2a$10$jW1t8pqOStmxhQIB.T4XaOJoWodCZqCYNIib9X4cunCv98nAmdU7e', '7694159237', '08/28/2019', null, 'USER', true);
insert into accounts (id, first_name, last_name, email, password, phone, date_created, image_url, role, visible_tags) values (96, 'Clywd', 'Palfery', 'cpalfery2n@jalbum.net', '$2a$10$jW1t8pqOStmxhQIB.T4XaOJoWodCZqCYNIib9X4cunCv98nAmdU7e', '1619170477', '10/18/2019', null, 'USER', false);
insert into accounts (id, first_name, last_name, email, password, phone, date_created, image_url, role, visible_tags) values (97, 'Osmond', 'Haskew', 'ohaskew2o@weather.com', '$2a$10$jW1t8pqOStmxhQIB.T4XaOJoWodCZqCYNIib9X4cunCv98nAmdU7e', '9572145820', '04/04/2020', null, 'USER', false);
insert into accounts (id, first_name, last_name, email, password, phone, date_created, image_url, role, visible_tags) values (98, 'Percival', 'Fautley', 'pfautley2p@google.it', '$2a$10$jW1t8pqOStmxhQIB.T4XaOJoWodCZqCYNIib9X4cunCv98nAmdU7e', '3427448661', '07/20/2021', null, 'USER', true);
insert into accounts (id, first_name, last_name, email, password, phone, date_created, image_url, role, visible_tags) values (99, 'Garret', 'Vinau', 'gvinau2q@tiny.cc', '$2a$10$jW1t8pqOStmxhQIB.T4XaOJoWodCZqCYNIib9X4cunCv98nAmdU7e', '2464336215', '02/11/2020', null, 'USER', true);
insert into accounts (id, first_name, last_name, email, password, phone, date_created, image_url, role, visible_tags) values (100, 'Joya', 'Engel', 'jengel2r@geocities.jp', '$2a$10$jW1t8pqOStmxhQIB.T4XaOJoWodCZqCYNIib9X4cunCv98nAmdU7e', '9172982472', '07/15/2019', null, 'USER', false);




insert into network (account1_id, account2_id) values (83, 22);
insert into network (account1_id, account2_id) values (77, 43);
insert into network (account1_id, account2_id) values (30, 63);
insert into network (account1_id, account2_id) values (30, 62);
insert into network (account1_id, account2_id) values (10, 100);
insert into network (account1_id, account2_id) values (5, 14);
insert into network (account1_id, account2_id) values (85, 96);
insert into network (account1_id, account2_id) values (18, 85);
insert into network (account1_id, account2_id) values (67, 98);
insert into network (account1_id, account2_id) values (29, 25);
insert into network (account1_id, account2_id) values (54, 25);
insert into network (account1_id, account2_id) values (30, 3);
insert into network (account1_id, account2_id) values (73, 45);
insert into network (account1_id, account2_id) values (86, 36);
insert into network (account1_id, account2_id) values (41, 54);
insert into network (account1_id, account2_id) values (24, 32);
insert into network (account1_id, account2_id) values (47, 24);
insert into network (account1_id, account2_id) values (50, 93);
insert into network (account1_id, account2_id) values (31, 94);
insert into network (account1_id, account2_id) values (91, 70);
insert into network (account1_id, account2_id) values (93, 69);
insert into network (account1_id, account2_id) values (76, 55);
insert into network (account1_id, account2_id) values (26, 15);
insert into network (account1_id, account2_id) values (70, 69);
insert into network (account1_id, account2_id) values (92, 10);
insert into network (account1_id, account2_id) values (62, 19);
insert into network (account1_id, account2_id) values (46, 90);
insert into network (account1_id, account2_id) values (76, 5);
insert into network (account1_id, account2_id) values (83, 76);
insert into network (account1_id, account2_id) values (44, 75);
insert into network (account1_id, account2_id) values (33, 97);
insert into network (account1_id, account2_id) values (97, 75);
insert into network (account1_id, account2_id) values (96, 63);
insert into network (account1_id, account2_id) values (20, 69);
insert into network (account1_id, account2_id) values (94, 56);
insert into network (account1_id, account2_id) values (47, 44);
insert into network (account1_id, account2_id) values (34, 9);
insert into network (account1_id, account2_id) values (18, 57);
insert into network (account1_id, account2_id) values (17, 25);
insert into network (account1_id, account2_id) values (70, 69);
insert into network (account1_id, account2_id) values (96, 17);
insert into network (account1_id, account2_id) values (74, 11);
insert into network (account1_id, account2_id) values (61, 81);
insert into network (account1_id, account2_id) values (69, 67);
insert into network (account1_id, account2_id) values (60, 71);
insert into network (account1_id, account2_id) values (71, 21);
insert into network (account1_id, account2_id) values (95, 92);
insert into network (account1_id, account2_id) values (37, 41);
insert into network (account1_id, account2_id) values (79, 90);
insert into network (account1_id, account2_id) values (56, 94);
insert into network (account1_id, account2_id) values (68, 11);
insert into network (account1_id, account2_id) values (24, 30);
insert into network (account1_id, account2_id) values (68, 95);
insert into network (account1_id, account2_id) values (28, 87);
insert into network (account1_id, account2_id) values (71, 46);
insert into network (account1_id, account2_id) values (99, 81);
insert into network (account1_id, account2_id) values (73, 37);
insert into network (account1_id, account2_id) values (72, 34);
insert into network (account1_id, account2_id) values (48, 79);
insert into network (account1_id, account2_id) values (33, 78);
insert into network (account1_id, account2_id) values (69, 83);
insert into network (account1_id, account2_id) values (10, 59);
insert into network (account1_id, account2_id) values (16, 90);
insert into network (account1_id, account2_id) values (42, 39);
insert into network (account1_id, account2_id) values (90, 89);
insert into network (account1_id, account2_id) values (80, 100);
insert into network (account1_id, account2_id) values (20, 99);
insert into network (account1_id, account2_id) values (88, 47);
insert into network (account1_id, account2_id) values (100, 30);
insert into network (account1_id, account2_id) values (92, 49);
insert into network (account1_id, account2_id) values (30, 90);
insert into network (account1_id, account2_id) values (87, 23);
insert into network (account1_id, account2_id) values (59, 71);
insert into network (account1_id, account2_id) values (21, 41);
insert into network (account1_id, account2_id) values (62, 24);
insert into network (account1_id, account2_id) values (75, 27);
insert into network (account1_id, account2_id) values (74, 90);
insert into network (account1_id, account2_id) values (31, 33);
insert into network (account1_id, account2_id) values (40, 15);
insert into network (account1_id, account2_id) values (75, 53);
insert into network (account1_id, account2_id) values (28, 33);
insert into network (account1_id, account2_id) values (53, 68);
insert into network (account1_id, account2_id) values (87, 43);
insert into network (account1_id, account2_id) values (19, 44);
insert into network (account1_id, account2_id) values (17, 45);
insert into network (account1_id, account2_id) values (41, 66);
insert into network (account1_id, account2_id) values (54, 40);
insert into network (account1_id, account2_id) values (94, 57);
insert into network (account1_id, account2_id) values (50, 48);
insert into network (account1_id, account2_id) values (80, 36);
insert into network (account1_id, account2_id) values (7, 22);
insert into network (account1_id, account2_id) values (61, 32);
insert into network (account1_id, account2_id) values (99, 90);
insert into network (account1_id, account2_id) values (70, 83);
insert into network (account1_id, account2_id) values (90, 27);
insert into network (account1_id, account2_id) values (3, 43);
insert into network (account1_id, account2_id) values (60, 72);
insert into network (account1_id, account2_id) values (88, 70);
insert into network (account1_id, account2_id) values (96, 38);
insert into network (account1_id, account2_id) values (79, 94);
insert into network (account1_id, account2_id) values (91, 49);
insert into network (account1_id, account2_id) values (96, 19);
insert into network (account1_id, account2_id) values (24, 68);
insert into network (account1_id, account2_id) values (30, 31);
insert into network (account1_id, account2_id) values (82, 74);
insert into network (account1_id, account2_id) values (81, 83);
insert into network (account1_id, account2_id) values (70, 94);
insert into network (account1_id, account2_id) values (69, 14);
insert into network (account1_id, account2_id) values (58, 40);
insert into network (account1_id, account2_id) values (25, 47);
insert into network (account1_id, account2_id) values (10, 100);
insert into network (account1_id, account2_id) values (28, 69);
insert into network (account1_id, account2_id) values (43, 35);
insert into network (account1_id, account2_id) values (25, 76);
insert into network (account1_id, account2_id) values (30, 48);
insert into network (account1_id, account2_id) values (59, 31);
insert into network (account1_id, account2_id) values (59, 66);
insert into network (account1_id, account2_id) values (24, 72);
insert into network (account1_id, account2_id) values (72, 64);
insert into network (account1_id, account2_id) values (67, 94);
insert into network (account1_id, account2_id) values (75, 44);
insert into network (account1_id, account2_id) values (61, 42);
insert into network (account1_id, account2_id) values (10, 53);
insert into network (account1_id, account2_id) values (64, 43);
insert into network (account1_id, account2_id) values (25, 34);
insert into network (account1_id, account2_id) values (24, 95);
insert into network (account1_id, account2_id) values (22, 50);
insert into network (account1_id, account2_id) values (83, 47);
insert into network (account1_id, account2_id) values (44, 71);
insert into network (account1_id, account2_id) values (75, 57);
insert into network (account1_id, account2_id) values (17, 89);
insert into network (account1_id, account2_id) values (6, 11);
insert into network (account1_id, account2_id) values (7, 69);
insert into network (account1_id, account2_id) values (47, 62);
insert into network (account1_id, account2_id) values (71, 83);
insert into network (account1_id, account2_id) values (89, 18);
insert into network (account1_id, account2_id) values (40, 27);
insert into network (account1_id, account2_id) values (51, 98);
insert into network (account1_id, account2_id) values (50, 37);
insert into network (account1_id, account2_id) values (89, 64);
insert into network (account1_id, account2_id) values (33, 68);
insert into network (account1_id, account2_id) values (4, 40);
insert into network (account1_id, account2_id) values (85, 86);
insert into network (account1_id, account2_id) values (11, 41);
insert into network (account1_id, account2_id) values (52, 94);
insert into network (account1_id, account2_id) values (86, 8);
insert into network (account1_id, account2_id) values (78, 90);
insert into network (account1_id, account2_id) values (16, 27);
insert into network (account1_id, account2_id) values (100, 19);
insert into network (account1_id, account2_id) values (39, 10);
insert into network (account1_id, account2_id) values (8, 31);
insert into network (account1_id, account2_id) values (38, 66);
insert into network (account1_id, account2_id) values (34, 16);
insert into network (account1_id, account2_id) values (84, 23);
insert into network (account1_id, account2_id) values (71, 50);
insert into network (account1_id, account2_id) values (20, 84);
insert into network (account1_id, account2_id) values (52, 31);
insert into network (account1_id, account2_id) values (45, 93);
insert into network (account1_id, account2_id) values (84, 3);
insert into network (account1_id, account2_id) values (16, 8);
insert into network (account1_id, account2_id) values (79, 74);
insert into network (account1_id, account2_id) values (76, 64);
insert into network (account1_id, account2_id) values (54, 77);
insert into network (account1_id, account2_id) values (76, 100);
insert into network (account1_id, account2_id) values (36, 62);
insert into network (account1_id, account2_id) values (28, 24);
insert into network (account1_id, account2_id) values (62, 40);
insert into network (account1_id, account2_id) values (74, 63);
insert into network (account1_id, account2_id) values (84, 62);
insert into network (account1_id, account2_id) values (55, 68);
insert into network (account1_id, account2_id) values (71, 34);
insert into network (account1_id, account2_id) values (45, 100);
insert into network (account1_id, account2_id) values (39, 70);
insert into network (account1_id, account2_id) values (64, 10);
insert into network (account1_id, account2_id) values (88, 96);
insert into network (account1_id, account2_id) values (94, 78);
insert into network (account1_id, account2_id) values (21, 74);
insert into network (account1_id, account2_id) values (51, 12);
insert into network (account1_id, account2_id) values (37, 80);
insert into network (account1_id, account2_id) values (100, 62);
insert into network (account1_id, account2_id) values (67, 50);
insert into network (account1_id, account2_id) values (3, 70);
insert into network (account1_id, account2_id) values (51, 87);
insert into network (account1_id, account2_id) values (28, 65);
insert into network (account1_id, account2_id) values (8, 54);
insert into network (account1_id, account2_id) values (64, 9);
insert into network (account1_id, account2_id) values (71, 64);
insert into network (account1_id, account2_id) values (3, 82);
insert into network (account1_id, account2_id) values (70, 64);
insert into network (account1_id, account2_id) values (62, 50);
insert into network (account1_id, account2_id) values (45, 42);
insert into network (account1_id, account2_id) values (20, 61);
insert into network (account1_id, account2_id) values (10, 47);
insert into network (account1_id, account2_id) values (62, 74);



insert into bio (id, description) values (2, 'Networked cohesive moderator');
insert into bio (id, description) values (3, 'Programmable empowering complexity');
insert into bio (id, description) values (4, 'Universal systematic archive');
insert into bio (id, description) values (5, 'Managed asynchronous database');
insert into bio (id, description) values (6, 'Proactive 6th generation analyzer');
insert into bio (id, description) values (7, 'Centralized uniform system engine');
insert into bio (id, description) values (8, 'Phased motivating concept');
insert into bio (id, description) values (9, 'Devolved bifurcated encoding');
insert into bio (id, description) values (10, 'User-friendly analyzing framework');
insert into bio (id, description) values (11, 'Profound systematic framework');
insert into bio (id, description) values (12, 'Managed leading edge concept');
insert into bio (id, description) values (13, 'Enterprise-wide logistical secured line');
insert into bio (id, description) values (14, 'Distributed upward-trending application');
insert into bio (id, description) values (15, 'Extended foreground encoding');
insert into bio (id, description) values (16, 'Multi-layered full-range instruction set');
insert into bio (id, description) values (17, 'Phased bandwidth-monitored open architecture');
insert into bio (id, description) values (18, 'Function-based grid-enabled firmware');
insert into bio (id, description) values (19, 'Face to face global orchestration');
insert into bio (id, description) values (20, 'Multi-channelled grid-enabled initiative');
insert into bio (id, description) values (21, 'Focused modular moderator');
insert into bio (id, description) values (22, 'User-centric local moderator');
insert into bio (id, description) values (23, 'Exclusive web-enabled application');
insert into bio (id, description) values (24, 'Multi-layered full-range firmware');
insert into bio (id, description) values (25, 'Business-focused content-based success');
insert into bio (id, description) values (26, 'Optimized bi-directional capability');
insert into bio (id, description) values (27, 'Vision-oriented eco-centric success');
insert into bio (id, description) values (28, 'Reactive dedicated help-desk');
insert into bio (id, description) values (29, 'Right-sized encompassing project');
insert into bio (id, description) values (30, 'Intuitive asynchronous moderator');
insert into bio (id, description) values (31, 'Right-sized real-time policy');
insert into bio (id, description) values (32, 'Vision-oriented directional leverage');
insert into bio (id, description) values (33, 'Monitored 5th generation synergy');
insert into bio (id, description) values (34, 'Automated stable hub');
insert into bio (id, description) values (35, 'User-centric object-oriented core');
insert into bio (id, description) values (36, 'Multi-layered dedicated methodology');
insert into bio (id, description) values (37, 'Phased optimizing matrices');
insert into bio (id, description) values (38, 'Open-source radical forecast');
insert into bio (id, description) values (39, 'Open-architected secondary capacity');
insert into bio (id, description) values (40, 'Upgradable background frame');
insert into bio (id, description) values (41, 'Total discrete architecture');
insert into bio (id, description) values (42, 'Streamlined analyzing utilisation');
insert into bio (id, description) values (43, 'Exclusive zero defect structure');
insert into bio (id, description) values (44, 'User-centric 5th generation intranet');
insert into bio (id, description) values (45, 'Enterprise-wide multimedia secured line');
insert into bio (id, description) values (46, 'Automated regional firmware');
insert into bio (id, description) values (47, 'Open-architected 6th generation projection');
insert into bio (id, description) values (48, 'Optional empowering Graphical User Interface');
insert into bio (id, description) values (49, 'Multi-tiered executive Graphic Interface');
insert into bio (id, description) values (50, 'Polarised well-modulated utilisation');
insert into bio (id, description) values (51, 'Realigned value-added knowledge user');
insert into bio (id, description) values (52, 'Re-engineered impactful alliance');
insert into bio (id, description) values (53, 'Digitized impactful groupware');
insert into bio (id, description) values (54, 'Distributed 24/7 focus group');
insert into bio (id, description) values (55, 'Operative maximized local area network');
insert into bio (id, description) values (56, 'Progressive actuating archive');
insert into bio (id, description) values (57, 'Multi-lateral next generation methodology');
insert into bio (id, description) values (58, 'Ergonomic optimizing concept');
insert into bio (id, description) values (59, 'Re-engineered encompassing parallelism');
insert into bio (id, description) values (60, 'Optimized optimal budgetary management');
insert into bio (id, description) values (61, 'Versatile well-modulated Graphical User Interface');
insert into bio (id, description) values (62, 'Digitized content-based strategy');
insert into bio (id, description) values (63, 'Cross-platform tangible task-force');
insert into bio (id, description) values (64, 'Front-line optimizing system engine');
insert into bio (id, description) values (65, 'Reverse-engineered stable ability');
insert into bio (id, description) values (66, 'Profound disintermediate policy');
insert into bio (id, description) values (67, 'Ergonomic scalable intranet');
insert into bio (id, description) values (68, 'Horizontal clear-thinking migration');
insert into bio (id, description) values (69, 'Total stable utilisation');
insert into bio (id, description) values (70, 'Programmable eco-centric leverage');
insert into bio (id, description) values (71, 'Right-sized content-based synergy');
insert into bio (id, description) values (72, 'Integrated fresh-thinking moderator');
insert into bio (id, description) values (73, 'Integrated non-volatile implementation');
insert into bio (id, description) values (74, 'Implemented cohesive encryption');
insert into bio (id, description) values (75, 'Open-architected well-modulated hub');
insert into bio (id, description) values (76, 'Re-contextualized high-level hierarchy');
insert into bio (id, description) values (77, 'Extended 3rd generation extranet');
insert into bio (id, description) values (78, 'Operative radical hierarchy');
insert into bio (id, description) values (79, 'Persevering exuding software');
insert into bio (id, description) values (80, 'Operative demand-driven open system');
insert into bio (id, description) values (81, 'Virtual solution-oriented monitoring');
insert into bio (id, description) values (82, 'Multi-layered tangible matrices');
insert into bio (id, description) values (83, 'Multi-channelled executive time-frame');
insert into bio (id, description) values (84, 'Intuitive composite challenge');
insert into bio (id, description) values (85, 'Persevering secondary hierarchy');
insert into bio (id, description) values (86, 'Extended client-driven software');
insert into bio (id, description) values (87, 'Business-focused upward-trending database');
insert into bio (id, description) values (88, 'Persistent foreground focus group');
insert into bio (id, description) values (89, 'Customizable leading edge internet solution');
insert into bio (id, description) values (90, 'Down-sized exuding adapter');
insert into bio (id, description) values (91, 'Profound well-modulated extranet');
insert into bio (id, description) values (92, 'Enterprise-wide upward-trending archive');
insert into bio (id, description) values (93, 'Proactive foreground database');
insert into bio (id, description) values (94, 'Managed directional extranet');
insert into bio (id, description) values (95, 'Sharable attitude-oriented process improvement');
insert into bio (id, description) values (96, 'Reverse-engineered asymmetric ability');
insert into bio (id, description) values (97, 'Sharable bifurcated application');
insert into bio (id, description) values (98, 'Synergized non-volatile task-force');
insert into bio (id, description) values (99, 'Inverse actuating open architecture');
insert into bio (id, description) values (100, 'Front-line client-server challenge');



insert into account_bio (bio_id, account_id) values (2, 2);
insert into account_bio (bio_id, account_id) values (3, 3);
insert into account_bio (bio_id, account_id) values (4, 4);
insert into account_bio (bio_id, account_id) values (5, 5);
insert into account_bio (bio_id, account_id) values (6, 6);
insert into account_bio (bio_id, account_id) values (7, 7);
insert into account_bio (bio_id, account_id) values (8, 8);
insert into account_bio (bio_id, account_id) values (9, 9);
insert into account_bio (bio_id, account_id) values (10, 10);
insert into account_bio (bio_id, account_id) values (11, 11);
insert into account_bio (bio_id, account_id) values (12, 12);
insert into account_bio (bio_id, account_id) values (13, 13);
insert into account_bio (bio_id, account_id) values (14, 14);
insert into account_bio (bio_id, account_id) values (15, 15);
insert into account_bio (bio_id, account_id) values (16, 16);
insert into account_bio (bio_id, account_id) values (17, 17);
insert into account_bio (bio_id, account_id) values (18, 18);
insert into account_bio (bio_id, account_id) values (19, 19);
insert into account_bio (bio_id, account_id) values (20, 20);
insert into account_bio (bio_id, account_id) values (21, 21);
insert into account_bio (bio_id, account_id) values (22, 22);
insert into account_bio (bio_id, account_id) values (23, 23);
insert into account_bio (bio_id, account_id) values (24, 24);
insert into account_bio (bio_id, account_id) values (25, 25);
insert into account_bio (bio_id, account_id) values (26, 26);
insert into account_bio (bio_id, account_id) values (27, 27);
insert into account_bio (bio_id, account_id) values (28, 28);
insert into account_bio (bio_id, account_id) values (29, 29);
insert into account_bio (bio_id, account_id) values (30, 30);
insert into account_bio (bio_id, account_id) values (31, 31);
insert into account_bio (bio_id, account_id) values (32, 32);
insert into account_bio (bio_id, account_id) values (33, 33);
insert into account_bio (bio_id, account_id) values (34, 34);
insert into account_bio (bio_id, account_id) values (35, 35);
insert into account_bio (bio_id, account_id) values (36, 36);
insert into account_bio (bio_id, account_id) values (37, 37);
insert into account_bio (bio_id, account_id) values (38, 38);
insert into account_bio (bio_id, account_id) values (39, 39);
insert into account_bio (bio_id, account_id) values (40, 40);
insert into account_bio (bio_id, account_id) values (41, 41);
insert into account_bio (bio_id, account_id) values (42, 42);
insert into account_bio (bio_id, account_id) values (43, 43);
insert into account_bio (bio_id, account_id) values (44, 44);
insert into account_bio (bio_id, account_id) values (45, 45);
insert into account_bio (bio_id, account_id) values (46, 46);
insert into account_bio (bio_id, account_id) values (47, 47);
insert into account_bio (bio_id, account_id) values (48, 48);
insert into account_bio (bio_id, account_id) values (49, 49);
insert into account_bio (bio_id, account_id) values (50, 50);
insert into account_bio (bio_id, account_id) values (51, 51);
insert into account_bio (bio_id, account_id) values (52, 52);
insert into account_bio (bio_id, account_id) values (53, 53);
insert into account_bio (bio_id, account_id) values (54, 54);
insert into account_bio (bio_id, account_id) values (55, 55);
insert into account_bio (bio_id, account_id) values (56, 56);
insert into account_bio (bio_id, account_id) values (57, 57);
insert into account_bio (bio_id, account_id) values (58, 58);
insert into account_bio (bio_id, account_id) values (59, 59);
insert into account_bio (bio_id, account_id) values (60, 60);
insert into account_bio (bio_id, account_id) values (61, 61);
insert into account_bio (bio_id, account_id) values (62, 62);
insert into account_bio (bio_id, account_id) values (63, 63);
insert into account_bio (bio_id, account_id) values (64, 64);
insert into account_bio (bio_id, account_id) values (65, 65);
insert into account_bio (bio_id, account_id) values (66, 66);
insert into account_bio (bio_id, account_id) values (67, 67);
insert into account_bio (bio_id, account_id) values (68, 68);
insert into account_bio (bio_id, account_id) values (69, 69);
insert into account_bio (bio_id, account_id) values (70, 70);
insert into account_bio (bio_id, account_id) values (71, 71);
insert into account_bio (bio_id, account_id) values (72, 72);
insert into account_bio (bio_id, account_id) values (73, 73);
insert into account_bio (bio_id, account_id) values (74, 74);
insert into account_bio (bio_id, account_id) values (75, 75);
insert into account_bio (bio_id, account_id) values (76, 76);
insert into account_bio (bio_id, account_id) values (77, 77);
insert into account_bio (bio_id, account_id) values (78, 78);
insert into account_bio (bio_id, account_id) values (79, 79);
insert into account_bio (bio_id, account_id) values (80, 80);
insert into account_bio (bio_id, account_id) values (81, 81);
insert into account_bio (bio_id, account_id) values (82, 82);
insert into account_bio (bio_id, account_id) values (83, 83);
insert into account_bio (bio_id, account_id) values (84, 84);
insert into account_bio (bio_id, account_id) values (85, 85);
insert into account_bio (bio_id, account_id) values (86, 86);
insert into account_bio (bio_id, account_id) values (87, 87);
insert into account_bio (bio_id, account_id) values (88, 88);
insert into account_bio (bio_id, account_id) values (89, 89);
insert into account_bio (bio_id, account_id) values (90, 90);
insert into account_bio (bio_id, account_id) values (91, 91);
insert into account_bio (bio_id, account_id) values (92, 92);
insert into account_bio (bio_id, account_id) values (93, 93);
insert into account_bio (bio_id, account_id) values (94, 94);
insert into account_bio (bio_id, account_id) values (95, 95);
insert into account_bio (bio_id, account_id) values (96, 96);
insert into account_bio (bio_id, account_id) values (97, 97);
insert into account_bio (bio_id, account_id) values (98, 98);
insert into account_bio (bio_id, account_id) values (99, 99);
insert into account_bio (bio_id, account_id) values (100, 100);




insert into education (id, degree, description, end_date, field, grade, school, start_date, visible) values (2, 'Bachelor''s', 'Function-based multimedia project', '01/18/2021', 'Services', 5.81, 'Jubail Industrial College', '10/23/2015', true);
insert into education (id, degree, description, end_date, field, grade, school, start_date, visible) values (3, 'Doctorate', 'Quality-focused encompassing database', '07/15/2021', 'Engineering', 9.18, 'Southern Denmark Business School', '12/28/2015', false);
insert into education (id, degree, description, end_date, field, grade, school, start_date, visible) values (4, 'Master''s', 'Fully-configurable well-modulated adapter', '01/31/2021', 'Engineering', 6.06, 'Payame Noor University, Tafresh', '04/07/2016', false);
insert into education (id, degree, description, end_date, field, grade, school, start_date, visible) values (5, 'Bachelor''s', 'Quality-focused object-oriented superstructure', '03/14/2021', 'Product Management', 6.8, 'Hamilton Technical College', '12/25/2015', true);
insert into education (id, degree, description, end_date, field, grade, school, start_date, visible) values (6, 'Bachelor''s', 'Re-contextualized homogeneous conglomeration', '05/22/2021', 'Sales', 5.2, 'Stevens Institute of Technology', '09/09/2016', false);
insert into education (id, degree, description, end_date, field, grade, school, start_date, visible) values (7, 'Doctorate', 'Customizable upward-trending customer loyalty', '01/31/2021', 'Training', 8.23, 'Ecole Nationale Vtrinaire de Toulouse', '07/11/2016', false);
insert into education (id, degree, description, end_date, field, grade, school, start_date, visible) values (8, 'Doctorate', 'Realigned global throughput', '04/02/2021', 'Sales', 9.14, 'Philippine Normal University', '11/12/2015', true);
insert into education (id, degree, description, end_date, field, grade, school, start_date, visible) values (9, 'Doctorate', 'Enhanced 4th generation process improvement', '01/04/2021', 'Product Management', 5.46, 'Indian Agricultural Research Institute', '09/09/2016', false);
insert into education (id, degree, description, end_date, field, grade, school, start_date, visible) values (10, 'Bachelor''s', 'Cross-group high-level budgetary management', '08/21/2021', 'Marketing', 8.61, 'Universidade Salvador', '12/26/2015', true);
insert into education (id, degree, description, end_date, field, grade, school, start_date, visible) values (11, 'Master''s', 'Multi-lateral radical instruction set', '02/17/2021', 'Accounting', 7.31, 'Universidad Francisco Gavidia', '12/14/2015', false);
insert into education (id, degree, description, end_date, field, grade, school, start_date, visible) values (12, 'Master''s', 'User-friendly global encoding', '03/30/2021', 'Research and Development', 8.51, 'Bishkek Humanities University', '07/28/2016', true);
insert into education (id, degree, description, end_date, field, grade, school, start_date, visible) values (13, 'Master''s', 'Open-source fault-tolerant migration', '08/07/2021', 'Legal', 9.05, 'Universit de Kolwezi', '08/21/2016', true);
insert into education (id, degree, description, end_date, field, grade, school, start_date, visible) values (14, 'Doctorate', 'Reverse-engineered asymmetric analyzer', '01/19/2021', 'Sales', 8.97, 'Yosu National University', '08/03/2016', true);
insert into education (id, degree, description, end_date, field, grade, school, start_date, visible) values (15, 'Master''s', 'Quality-focused contextually-based instruction set', '10/11/2020', 'Training', 8.94, 'Anna Maria College', '10/12/2015', true);
insert into education (id, degree, description, end_date, field, grade, school, start_date, visible) values (16, 'Master''s', 'Reduced neutral collaboration', '12/26/2020', 'Support', 8.83, 'Voronezh State Agricultural University', '12/13/2015', false);
insert into education (id, degree, description, end_date, field, grade, school, start_date, visible) values (17, 'Bachelor''s', 'Reverse-engineered reciprocal task-force', '02/14/2021', 'Services', 5.09, 'Kuala Lumpur Metropolitan University', '05/26/2016', false);
insert into education (id, degree, description, end_date, field, grade, school, start_date, visible) values (18, 'Master''s', 'Synergized bandwidth-monitored algorithm', '01/01/2021', 'Marketing', 9.03, 'New York Institute of Technology', '04/03/2016', false);
insert into education (id, degree, description, end_date, field, grade, school, start_date, visible) values (19, 'Master''s', 'Realigned mobile artificial intelligence', null, 'Legal', 5.4, 'Boise Bible College', '03/16/2016', false);
insert into education (id, degree, description, end_date, field, grade, school, start_date, visible) values (20, 'Master''s', 'Assimilated mobile matrix', '10/19/2020', 'Training', 9.76, 'The Defiance College', '06/18/2016', true);
insert into education (id, degree, description, end_date, field, grade, school, start_date, visible) values (21, 'Master''s', 'Upgradable coherent portal', '01/19/2021', 'Training', 6.56, 'Tl-universit, Universit du Qubec', '11/11/2015', false);
insert into education (id, degree, description, end_date, field, grade, school, start_date, visible) values (22, 'Bachelor''s', 'Centralized 24/7 approach', '08/14/2021', 'Business Development', 6.04, 'B.P.Koirala Institute of Health Sciences', '09/04/2016', false);
insert into education (id, degree, description, end_date, field, grade, school, start_date, visible) values (23, 'Bachelor''s', 'Fundamental exuding conglomeration', null, 'Services', 8.15, 'Helsinki University of Technology', '10/15/2015', false);
insert into education (id, degree, description, end_date, field, grade, school, start_date, visible) values (24, 'Master''s', 'Fundamental composite migration', '04/29/2021', 'Services', 9.44, 'Universidad Nacional de Ingenieria', '10/10/2015', false);
insert into education (id, degree, description, end_date, field, grade, school, start_date, visible) values (25, 'Master''s', 'Team-oriented full-range hierarchy', '05/06/2021', 'Research and Development', 7.24, 'Technological University (Kyaukse)', '02/18/2016', true);
insert into education (id, degree, description, end_date, field, grade, school, start_date, visible) values (26, 'Master''s', 'Cross-platform disintermediate neural-net', '02/14/2021', 'Accounting', 7.22, 'McMaster University', '07/18/2016', false);
insert into education (id, degree, description, end_date, field, grade, school, start_date, visible) values (27, 'Master''s', 'Monitored empowering firmware', null, 'Accounting', 9.85, 'God''s Bible School and College', '07/20/2016', true);
insert into education (id, degree, description, end_date, field, grade, school, start_date, visible) values (28, 'Doctorate', 'Operative foreground alliance', null, 'Business Development', 7.98, 'Universidad Nuevo Mundo', '05/24/2016', false);
insert into education (id, degree, description, end_date, field, grade, school, start_date, visible) values (29, 'Bachelor''s', 'Distributed multi-tasking architecture', null, 'Training', 9.89, 'Oregon State University', '01/03/2016', true);
insert into education (id, degree, description, end_date, field, grade, school, start_date, visible) values (30, 'Bachelor''s', 'Upgradable zero administration frame', '05/31/2021', 'Accounting', 6.67, 'Universidad Tecnolgica del Choco "Diego Luis Cordoba"', '12/11/2015', true);
insert into education (id, degree, description, end_date, field, grade, school, start_date, visible) values (31, 'Master''s', 'Profound empowering encryption', '03/27/2021', 'Research and Development', 8.78, 'Rana Institute of Higher Education', '04/11/2016', true);
insert into education (id, degree, description, end_date, field, grade, school, start_date, visible) values (32, 'Master''s', 'Ergonomic human-resource alliance', null, 'Sales', 6.99, 'Soutsaka Institute of management and Technology', '02/15/2016', false);
insert into education (id, degree, description, end_date, field, grade, school, start_date, visible) values (33, 'Doctorate', 'Implemented web-enabled complexity', '02/01/2021', 'Accounting', 9.22, 'Claremont McKenna College', '08/16/2016', false);
insert into education (id, degree, description, end_date, field, grade, school, start_date, visible) values (34, 'Bachelor''s', 'Reverse-engineered even-keeled attitude', '10/18/2020', 'Marketing', 5.07, 'Universidad Privada Antenor Orrego', '01/23/2016', true);
insert into education (id, degree, description, end_date, field, grade, school, start_date, visible) values (35, 'Master''s', 'Cross-group hybrid migration', '12/25/2020', 'Support', 5.97, 'Politeknik Negeri Lhokseumawe', '08/16/2016', true);
insert into education (id, degree, description, end_date, field, grade, school, start_date, visible) values (36, 'Bachelor''s', 'Self-enabling object-oriented challenge', '10/26/2020', 'Research and Development', 6.57, 'University of Minnesota - Morris', '11/17/2015', true);
insert into education (id, degree, description, end_date, field, grade, school, start_date, visible) values (37, 'Master''s', 'Managed bottom-line projection', '09/14/2021', 'Marketing', 6.0, 'Ecole Suprieure de Commerce de Rouen', '12/12/2015', false);
insert into education (id, degree, description, end_date, field, grade, school, start_date, visible) values (38, 'Doctorate', 'Managed grid-enabled parallelism', '01/05/2021', 'Engineering', 6.99, 'Fondation Universitaire Luxembourgeoise', '12/06/2015', true);
insert into education (id, degree, description, end_date, field, grade, school, start_date, visible) values (39, 'Doctorate', 'Multi-channelled demand-driven function', '12/04/2020', 'Business Development', 9.39, 'Scholl College of Podiatric Medicine', '02/22/2016', false);
insert into education (id, degree, description, end_date, field, grade, school, start_date, visible) values (40, 'Doctorate', 'Seamless systemic intranet', '07/18/2021', 'Engineering', 9.36, 'Jiangsu University of Science and Technology', '01/16/2016', false);
insert into education (id, degree, description, end_date, field, grade, school, start_date, visible) values (41, 'Bachelor''s', 'Synchronised next generation superstructure', null, 'Product Management', 9.96, 'Universidad Tecnolgica de Santiago', '05/04/2016', false);
insert into education (id, degree, description, end_date, field, grade, school, start_date, visible) values (42, 'Bachelor''s', 'Future-proofed radical website', '04/03/2021', 'Support', 5.81, 'Redeemers University', '03/25/2016', true);
insert into education (id, degree, description, end_date, field, grade, school, start_date, visible) values (43, 'Master''s', 'Open-source explicit implementation', '02/28/2021', 'Engineering', 5.07, 'Punjab Engineering College Deemed University', '10/17/2015', false);
insert into education (id, degree, description, end_date, field, grade, school, start_date, visible) values (44, 'Master''s', 'Robust logistical data-warehouse', '01/26/2021', 'Services', 8.74, 'Zhejiang Normal University', '05/05/2016', true);
insert into education (id, degree, description, end_date, field, grade, school, start_date, visible) values (45, 'Doctorate', 'Public-key eco-centric extranet', '03/22/2021', 'Legal', 6.05, 'Instituto Superior de Cincias Empresariais e de Turismo', '03/16/2016', true);
insert into education (id, degree, description, end_date, field, grade, school, start_date, visible) values (46, 'Master''s', 'Front-line intangible benchmark', '10/30/2020', 'Marketing', 8.96, 'Kampala University', '11/17/2015', false);
insert into education (id, degree, description, end_date, field, grade, school, start_date, visible) values (47, 'Bachelor''s', 'Business-focused 6th generation matrices', '03/14/2021', 'Sales', 9.43, 'Faculdades Integradas UPIS', '11/13/2015', false);
insert into education (id, degree, description, end_date, field, grade, school, start_date, visible) values (48, 'Master''s', 'Phased asymmetric initiative', '04/22/2021', 'Services', 8.05, 'University of Southern Europe (Monaco Business School)', '11/16/2015', false);
insert into education (id, degree, description, end_date, field, grade, school, start_date, visible) values (49, 'Bachelor''s', 'De-engineered scalable archive', '12/27/2020', 'Services', 9.41, 'Azerbaijan State Economic University', '05/15/2016', false);
insert into education (id, degree, description, end_date, field, grade, school, start_date, visible) values (50, 'Doctorate', 'Re-engineered dedicated superstructure', '08/27/2021', 'Engineering', 8.49, 'Arizona State University', '01/19/2016', true);
insert into education (id, degree, description, end_date, field, grade, school, start_date, visible) values (51, 'Master''s', 'Reduced national concept', '02/13/2021', 'Human Resources', 7.39, 'Morningside College', '12/04/2015', true);
insert into education (id, degree, description, end_date, field, grade, school, start_date, visible) values (52, 'Bachelor''s', 'Universal hybrid framework', '10/16/2020', 'Sales', 6.2, 'Faculdade Italo Brasileira', '09/10/2016', false);
insert into education (id, degree, description, end_date, field, grade, school, start_date, visible) values (53, 'Master''s', 'Balanced multimedia support', '10/30/2020', 'Human Resources', 8.46, 'East Tennessee State University', '07/23/2016', false);
insert into education (id, degree, description, end_date, field, grade, school, start_date, visible) values (54, 'Doctorate', 'Down-sized optimizing implementation', '03/18/2021', 'Research and Development', 8.49, 'University of Regina', '12/08/2015', false);
insert into education (id, degree, description, end_date, field, grade, school, start_date, visible) values (55, 'Doctorate', 'Business-focused maximized open architecture', '04/12/2021', 'Legal', 8.78, 'Pontificia Universidad Catolica de Chile', '11/15/2015', false);
insert into education (id, degree, description, end_date, field, grade, school, start_date, visible) values (56, 'Bachelor''s', 'Networked asynchronous open architecture', '01/17/2021', 'Training', 8.28, 'University of North West', '11/28/2015', false);
insert into education (id, degree, description, end_date, field, grade, school, start_date, visible) values (57, 'Doctorate', 'Reverse-engineered multi-state portal', '11/15/2020', 'Business Development', 8.34, 'Estonian Academy of Music and Theatre', '08/19/2016', true);
insert into education (id, degree, description, end_date, field, grade, school, start_date, visible) values (58, 'Master''s', 'Organic client-server solution', '10/15/2020', 'Services', 6.68, 'Technological Education Institute of Kozani', '05/10/2016', true);
insert into education (id, degree, description, end_date, field, grade, school, start_date, visible) values (59, 'Master''s', 'Right-sized human-resource concept', '08/29/2021', 'Services', 5.41, 'Woodbury University', '05/31/2016', false);
insert into education (id, degree, description, end_date, field, grade, school, start_date, visible) values (60, 'Master''s', 'Team-oriented asymmetric capability', '06/18/2021', 'Business Development', 9.14, 'Mercy College', '09/08/2016', false);
insert into education (id, degree, description, end_date, field, grade, school, start_date, visible) values (61, 'Doctorate', 'Exclusive well-modulated toolset', '07/25/2021', 'Engineering', 7.33, 'Bar-Ilan University', '07/20/2016', true);
insert into education (id, degree, description, end_date, field, grade, school, start_date, visible) values (62, 'Bachelor''s', 'Synergized multi-state capacity', '02/17/2021', 'Human Resources', 9.25, 'Syrian Virtual University', '03/16/2016', false);
insert into education (id, degree, description, end_date, field, grade, school, start_date, visible) values (63, 'Doctorate', 'Universal secondary data-warehouse', '07/05/2021', 'Human Resources', 9.97, 'Institute of Teachers Education, Ipoh', '08/21/2016', true);
insert into education (id, degree, description, end_date, field, grade, school, start_date, visible) values (64, 'Doctorate', 'Balanced explicit methodology', '08/10/2021', 'Marketing', 8.26, 'Menlo College', '07/11/2016', true);
insert into education (id, degree, description, end_date, field, grade, school, start_date, visible) values (65, 'Master''s', 'Streamlined background throughput', null, 'Services', 5.51, 'Franklin W. Olin College of Engineering', '12/08/2015', true);
insert into education (id, degree, description, end_date, field, grade, school, start_date, visible) values (66, 'Doctorate', 'Balanced secondary success', null, 'Marketing', 5.78, 'Islamic Azad University, Arak', '06/11/2016', true);
insert into education (id, degree, description, end_date, field, grade, school, start_date, visible) values (67, 'Master''s', 'Right-sized well-modulated function', '05/19/2021', 'Marketing', 9.64, 'Escuela Militar de Ingeniera', '01/03/2016', false);
insert into education (id, degree, description, end_date, field, grade, school, start_date, visible) values (68, 'Bachelor''s', 'Exclusive bifurcated model', '09/30/2020', 'Research and Development', 6.6, 'Universidad Luterana Salvadorena', '02/08/2016', false);
insert into education (id, degree, description, end_date, field, grade, school, start_date, visible) values (69, 'Doctorate', 'Networked reciprocal artificial intelligence', '03/22/2021', 'Services', 5.53, 'Harbin Engineering University', '08/26/2016', true);
insert into education (id, degree, description, end_date, field, grade, school, start_date, visible) values (70, 'Master''s', 'Synergistic multi-tasking access', null, 'Business Development', 8.01, 'Qinghai Radio & Television University', '08/25/2016', true);
insert into education (id, degree, description, end_date, field, grade, school, start_date, visible) values (71, 'Master''s', 'Diverse object-oriented orchestration', null, 'Services', 9.24, 'Novosibirsk State Music Academy M. Glinka', '01/11/2016', true);
insert into education (id, degree, description, end_date, field, grade, school, start_date, visible) values (72, 'Doctorate', 'Upgradable tangible workforce', null, 'Research and Development', 5.19, 'Shanghai Lida Polytechnic Institute', '04/12/2016', true);
insert into education (id, degree, description, end_date, field, grade, school, start_date, visible) values (73, 'Doctorate', 'Secured client-server secured line', '11/10/2020', 'Support', 7.45, 'University of Troms', '05/09/2016', false);
insert into education (id, degree, description, end_date, field, grade, school, start_date, visible) values (74, 'Bachelor''s', 'Implemented regional collaboration', '02/06/2021', 'Business Development', 7.1, 'Athabasca University', '03/14/2016', false);
insert into education (id, degree, description, end_date, field, grade, school, start_date, visible) values (75, 'Doctorate', 'Integrated directional standardization', '01/06/2021', 'Research and Development', 5.55, 'Southern Illinois University at Carbondale', '02/24/2016', false);
insert into education (id, degree, description, end_date, field, grade, school, start_date, visible) values (76, 'Master''s', 'Phased human-resource moratorium', '06/22/2021', 'Support', 7.8, 'Black Hawk College', '03/28/2016', true);
insert into education (id, degree, description, end_date, field, grade, school, start_date, visible) values (77, 'Bachelor''s', 'Reverse-engineered 3rd generation service-desk', '01/22/2021', 'Sales', 5.22, 'British College of Osteopathic Medicine', '04/04/2016', true);
insert into education (id, degree, description, end_date, field, grade, school, start_date, visible) values (78, 'Doctorate', 'Pre-emptive context-sensitive artificial intelligence', null, 'Human Resources', 7.24, 'Kokugakuin University', '06/10/2016', false);
insert into education (id, degree, description, end_date, field, grade, school, start_date, visible) values (79, 'Master''s', 'Extended discrete service-desk', '11/26/2020', 'Support', 6.57, 'Western Washington University', '01/05/2016', false);
insert into education (id, degree, description, end_date, field, grade, school, start_date, visible) values (80, 'Master''s', 'User-friendly neutral help-desk', '11/19/2020', 'Support', 5.79, 'Amirkabir University of Technology', '09/18/2016', true);
insert into education (id, degree, description, end_date, field, grade, school, start_date, visible) values (81, 'Master''s', 'Automated contextually-based methodology', '10/15/2020', 'Legal', 8.5, 'Antioch New England Graduate School', '06/27/2016', false);
insert into education (id, degree, description, end_date, field, grade, school, start_date, visible) values (82, 'Master''s', 'Open-architected radical middleware', null, 'Research and Development', 7.23, 'Victoria University Toronto, University of Toronto', '02/04/2016', true);
insert into education (id, degree, description, end_date, field, grade, school, start_date, visible) values (83, 'Master''s', 'Reduced discrete solution', '04/19/2021', 'Accounting', 5.67, 'Bucknell University', '02/16/2016', true);
insert into education (id, degree, description, end_date, field, grade, school, start_date, visible) values (84, 'Master''s', 'Focused methodical protocol', null, 'Marketing', 6.31, 'University of Sassari', '11/15/2015', true);
insert into education (id, degree, description, end_date, field, grade, school, start_date, visible) values (85, 'Doctorate', 'Phased full-range task-force', '08/27/2021', 'Business Development', 5.55, 'Chongqing Normal University', '11/24/2015', false);
insert into education (id, degree, description, end_date, field, grade, school, start_date, visible) values (86, 'Doctorate', 'Phased bottom-line ability', '04/30/2021', 'Accounting', 6.99, 'Instituts Suprieurs de Formation des Matres', '02/02/2016', true);
insert into education (id, degree, description, end_date, field, grade, school, start_date, visible) values (87, 'Doctorate', 'Self-enabling regional adapter', '08/20/2021', 'Engineering', 6.25, 'Sevastopol National Technical University', '01/15/2016', true);
insert into education (id, degree, description, end_date, field, grade, school, start_date, visible) values (88, 'Bachelor''s', 'Monitored reciprocal emulation', '04/26/2021', 'Accounting', 8.98, 'St.Patrick''s International College, London', '11/17/2015', false);
insert into education (id, degree, description, end_date, field, grade, school, start_date, visible) values (89, 'Master''s', 'Team-oriented tangible contingency', null, 'Engineering', 7.44, 'University of Maine, Presque Isle', '11/14/2015', true);
insert into education (id, degree, description, end_date, field, grade, school, start_date, visible) values (90, 'Master''s', 'Universal upward-trending pricing structure', '12/06/2020', 'Legal', 9.96, 'Huaihua Radio and Television University', '11/10/2015', false);
insert into education (id, degree, description, end_date, field, grade, school, start_date, visible) values (91, 'Doctorate', 'Proactive logistical strategy', '01/09/2021', 'Business Development', 6.4, 'HWP - Hamburger Universitt fr Wirtschaft und Politik', '10/17/2015', true);
insert into education (id, degree, description, end_date, field, grade, school, start_date, visible) values (92, 'Master''s', 'Progressive solution-oriented utilisation', '02/16/2021', 'Training', 9.96, 'Kisii University', '11/20/2015', false);
insert into education (id, degree, description, end_date, field, grade, school, start_date, visible) values (93, 'Doctorate', 'Profit-focused composite open architecture', '11/04/2020', 'Sales', 5.47, 'Ternopil State Ivan Pul''uj Technical University', '04/11/2016', true);
insert into education (id, degree, description, end_date, field, grade, school, start_date, visible) values (94, 'Doctorate', 'Cross-group zero tolerance emulation', '10/21/2020', 'Services', 6.61, 'Minot State University', '09/01/2016', true);
insert into education (id, degree, description, end_date, field, grade, school, start_date, visible) values (95, 'Bachelor''s', 'Up-sized reciprocal superstructure', null, 'Human Resources', 5.15, 'Cardinal Stefan Wyszynski University in Warsaw', '03/07/2016', true);
insert into education (id, degree, description, end_date, field, grade, school, start_date, visible) values (96, 'Bachelor''s', 'Diverse context-sensitive synergy', null, 'Sales', 6.06, 'University of East Asia', '01/17/2016', true);
insert into education (id, degree, description, end_date, field, grade, school, start_date, visible) values (97, 'Bachelor''s', 'User-friendly national pricing structure', null, 'Services', 5.17, 'Ashiya University', '06/19/2016', false);
insert into education (id, degree, description, end_date, field, grade, school, start_date, visible) values (98, 'Bachelor''s', 'Multi-tiered web-enabled middleware', '03/09/2021', 'Research and Development', 8.43, 'Ebonyi State University', '04/11/2016', false);
insert into education (id, degree, description, end_date, field, grade, school, start_date, visible) values (99, 'Master''s', 'Fundamental impactful implementation', '06/09/2021', 'Engineering', 9.41, 'Kawamura Gakuen Woman''s University', '03/30/2016', false);
insert into education (id, degree, description, end_date, field, grade, school, start_date, visible) values (100, 'Bachelor''s', 'Fundamental systematic standardization', '11/25/2020', 'Sales', 8.22, 'Ariel University Center of Samaria', '03/05/2016', false);

insert into account_education (account_id, education_id) values (2, 2);
insert into account_education (account_id, education_id) values (3, 3);
insert into account_education (account_id, education_id) values (4, 4);
insert into account_education (account_id, education_id) values (5, 5);
insert into account_education (account_id, education_id) values (6, 6);
insert into account_education (account_id, education_id) values (7, 7);
insert into account_education (account_id, education_id) values (8, 8);
insert into account_education (account_id, education_id) values (9, 9);
insert into account_education (account_id, education_id) values (10, 10);
insert into account_education (account_id, education_id) values (11, 11);
insert into account_education (account_id, education_id) values (12, 12);
insert into account_education (account_id, education_id) values (13, 13);
insert into account_education (account_id, education_id) values (14, 14);
insert into account_education (account_id, education_id) values (15, 15);
insert into account_education (account_id, education_id) values (16, 16);
insert into account_education (account_id, education_id) values (17, 17);
insert into account_education (account_id, education_id) values (18, 18);
insert into account_education (account_id, education_id) values (19, 19);
insert into account_education (account_id, education_id) values (20, 20);
insert into account_education (account_id, education_id) values (21, 21);
insert into account_education (account_id, education_id) values (22, 22);
insert into account_education (account_id, education_id) values (23, 23);
insert into account_education (account_id, education_id) values (24, 24);
insert into account_education (account_id, education_id) values (25, 25);
insert into account_education (account_id, education_id) values (26, 26);
insert into account_education (account_id, education_id) values (27, 27);
insert into account_education (account_id, education_id) values (28, 28);
insert into account_education (account_id, education_id) values (29, 29);
insert into account_education (account_id, education_id) values (30, 30);
insert into account_education (account_id, education_id) values (31, 31);
insert into account_education (account_id, education_id) values (32, 32);
insert into account_education (account_id, education_id) values (33, 33);
insert into account_education (account_id, education_id) values (34, 34);
insert into account_education (account_id, education_id) values (35, 35);
insert into account_education (account_id, education_id) values (36, 36);
insert into account_education (account_id, education_id) values (37, 37);
insert into account_education (account_id, education_id) values (38, 38);
insert into account_education (account_id, education_id) values (39, 39);
insert into account_education (account_id, education_id) values (40, 40);
insert into account_education (account_id, education_id) values (41, 41);
insert into account_education (account_id, education_id) values (42, 42);
insert into account_education (account_id, education_id) values (43, 43);
insert into account_education (account_id, education_id) values (44, 44);
insert into account_education (account_id, education_id) values (45, 45);
insert into account_education (account_id, education_id) values (46, 46);
insert into account_education (account_id, education_id) values (47, 47);
insert into account_education (account_id, education_id) values (48, 48);
insert into account_education (account_id, education_id) values (49, 49);
insert into account_education (account_id, education_id) values (50, 50);
insert into account_education (account_id, education_id) values (51, 51);
insert into account_education (account_id, education_id) values (52, 52);
insert into account_education (account_id, education_id) values (53, 53);
insert into account_education (account_id, education_id) values (54, 54);
insert into account_education (account_id, education_id) values (55, 55);
insert into account_education (account_id, education_id) values (56, 56);
insert into account_education (account_id, education_id) values (57, 57);
insert into account_education (account_id, education_id) values (58, 58);
insert into account_education (account_id, education_id) values (59, 59);
insert into account_education (account_id, education_id) values (60, 60);
insert into account_education (account_id, education_id) values (61, 61);
insert into account_education (account_id, education_id) values (62, 62);
insert into account_education (account_id, education_id) values (63, 63);
insert into account_education (account_id, education_id) values (64, 64);
insert into account_education (account_id, education_id) values (65, 65);
insert into account_education (account_id, education_id) values (66, 66);
insert into account_education (account_id, education_id) values (67, 67);
insert into account_education (account_id, education_id) values (68, 68);
insert into account_education (account_id, education_id) values (69, 69);
insert into account_education (account_id, education_id) values (70, 70);
insert into account_education (account_id, education_id) values (71, 71);
insert into account_education (account_id, education_id) values (72, 72);
insert into account_education (account_id, education_id) values (73, 73);
insert into account_education (account_id, education_id) values (74, 74);
insert into account_education (account_id, education_id) values (75, 75);
insert into account_education (account_id, education_id) values (76, 76);
insert into account_education (account_id, education_id) values (77, 77);
insert into account_education (account_id, education_id) values (78, 78);
insert into account_education (account_id, education_id) values (79, 79);
insert into account_education (account_id, education_id) values (80, 80);
insert into account_education (account_id, education_id) values (81, 81);
insert into account_education (account_id, education_id) values (82, 82);
insert into account_education (account_id, education_id) values (83, 83);
insert into account_education (account_id, education_id) values (84, 84);
insert into account_education (account_id, education_id) values (85, 85);
insert into account_education (account_id, education_id) values (86, 86);
insert into account_education (account_id, education_id) values (87, 87);
insert into account_education (account_id, education_id) values (88, 88);
insert into account_education (account_id, education_id) values (89, 89);
insert into account_education (account_id, education_id) values (90, 90);
insert into account_education (account_id, education_id) values (91, 91);
insert into account_education (account_id, education_id) values (92, 92);
insert into account_education (account_id, education_id) values (93, 93);
insert into account_education (account_id, education_id) values (94, 94);
insert into account_education (account_id, education_id) values (95, 95);
insert into account_education (account_id, education_id) values (96, 96);
insert into account_education (account_id, education_id) values (97, 97);
insert into account_education (account_id, education_id) values (98, 98);
insert into account_education (account_id, education_id) values (99, 99);
insert into account_education (account_id, education_id) values (100, 100);



insert into experience (id, company, description, employment_type, end_date, experience_level, headline, location, start_date, title, visible) values (1, 'Roodel', 'Function-based global middleware', 0, '02/22/2021', 1, 'Extended mission-critical framework', 'Elonda', '04/05/2007', 'Design Engineer', false);
insert into experience (id, company, description, employment_type, end_date, experience_level, headline, location, start_date, title, visible) values (2, 'Edgeify', 'Managed upward-trending core', 2, '06/27/2021', 1, 'Phased attitude-oriented policy', 'Raphoe', '12/17/2012', 'Occupational Therapist', true);
insert into experience (id, company, description, employment_type, end_date, experience_level, headline, location, start_date, title, visible) values (3, 'Realbuzz', 'Fundamental tangible project', 1, '11/03/2020', 5, 'Ergonomic user-facing success', 'Tall a amn', '07/13/2009', 'Assistant Manager', true);
insert into experience (id, company, description, employment_type, end_date, experience_level, headline, location, start_date, title, visible) values (4, 'Divanoodle', 'Quality-focused transitional flexibility', 6, '12/02/2020', 1, 'Streamlined secondary circuit', 'Ccuta', '11/15/2010', 'Electrical Engineer', false);
insert into experience (id, company, description, employment_type, end_date, experience_level, headline, location, start_date, title, visible) values (5, 'Topiczoom', 'Digitized dynamic archive', 7, '04/25/2021', 4, 'Self-enabling empowering emulation', 'Vaitape', '06/10/2017', 'Pharmacist', false);
insert into experience (id, company, description, employment_type, end_date, experience_level, headline, location, start_date, title, visible) values (6, 'Riffpedia', 'Synergistic non-volatile projection', 3, '03/20/2021', 5, 'Multi-tiered zero defect capacity', 'Petrolina', '07/30/2007', 'Product Engineer', false);
insert into experience (id, company, description, employment_type, end_date, experience_level, headline, location, start_date, title, visible) values (7, 'Nlounge', 'Ergonomic exuding local area network', 0, '01/27/2021', 0, 'Programmable dedicated core', 'Phoenix', '04/04/2014', 'General Manager', true);
insert into experience (id, company, description, employment_type, end_date, experience_level, headline, location, start_date, title, visible) values (8, 'Zazio', 'Organic local workforce', 0, '10/24/2020', 5, 'Synchronised bandwidth-monitored moderator', 'Tongliao', '10/07/2010', 'Research Associate', false);
insert into experience (id, company, description, employment_type, end_date, experience_level, headline, location, start_date, title, visible) values (9, 'Oba', 'Integrated systematic architecture', 7, '07/30/2021', 3, 'Configurable 24 hour portal', 'Baranoa', '06/23/2014', 'VP Product Management', false);
insert into experience (id, company, description, employment_type, end_date, experience_level, headline, location, start_date, title, visible) values (10, 'Mymm', 'Organic incremental attitude', 5, null, 4, 'Self-enabling bi-directional policy', 'Cikadu', '01/30/2010', 'Financial Analyst', true);
insert into experience (id, company, description, employment_type, end_date, experience_level, headline, location, start_date, title, visible) values (11, 'Cogilith', 'Horizontal incremental migration', 7, '06/22/2021', 2, 'Future-proofed interactive capability', 'irvan', '01/27/2015', 'Tax Accountant', true);
insert into experience (id, company, description, employment_type, end_date, experience_level, headline, location, start_date, title, visible) values (12, 'Divavu', 'Implemented zero defect solution', 2, null, 2, 'Object-based holistic hub', 'Bobo-Dioulasso', '04/15/2017', 'Marketing Assistant', false);
insert into experience (id, company, description, employment_type, end_date, experience_level, headline, location, start_date, title, visible) values (13, 'Avavee', 'Object-based 4th generation software', 3, '01/02/2021', 3, 'Future-proofed context-sensitive alliance', 'Vllingby', '04/27/2013', 'Assistant Media Planner', true);
insert into experience (id, company, description, employment_type, end_date, experience_level, headline, location, start_date, title, visible) values (14, 'Gigashots', 'Upgradable neutral projection', 3, '07/20/2021', 2, 'Monitored 3rd generation protocol', 'Nijmegen', '08/13/2015', 'Pharmacist', true);
insert into experience (id, company, description, employment_type, end_date, experience_level, headline, location, start_date, title, visible) values (15, 'Kamba', 'Assimilated responsive synergy', 1, '09/08/2021', 4, 'Organic didactic structure', 'Taganskiy', '04/30/2018', 'Executive Secretary', false);
insert into experience (id, company, description, employment_type, end_date, experience_level, headline, location, start_date, title, visible) values (16, 'Jabbercube', 'Triple-buffered zero administration capacity', 4, '06/04/2021', 2, 'Programmable next generation protocol', 'Sabadell', '11/16/2016', 'Research Nurse', true);
insert into experience (id, company, description, employment_type, end_date, experience_level, headline, location, start_date, title, visible) values (17, 'Yacero', 'Vision-oriented national groupware', 3, '10/22/2020', 5, 'Function-based multimedia service-desk', 'Franca', '11/03/2018', 'Geological Engineer', false);
insert into experience (id, company, description, employment_type, end_date, experience_level, headline, location, start_date, title, visible) values (18, 'Mydo', 'Switchable coherent structure', 5, null, 4, 'Self-enabling 24/7 structure', 'Skovorodino', '05/29/2018', 'Sales Associate', false);
insert into experience (id, company, description, employment_type, end_date, experience_level, headline, location, start_date, title, visible) values (19, 'Trunyx', 'Object-based demand-driven website', 6, '01/23/2021', 3, 'Operative bottom-line groupware', 'Gunjur Kuta', '10/25/2013', 'Marketing Assistant', false);
insert into experience (id, company, description, employment_type, end_date, experience_level, headline, location, start_date, title, visible) values (20, 'Eimbee', 'Stand-alone discrete artificial intelligence', 5, null, 0, 'Devolved eco-centric function', 'Ruda Maleniecka', '12/01/2005', 'Business Systems Development Analyst', false);
insert into experience (id, company, description, employment_type, end_date, experience_level, headline, location, start_date, title, visible) values (21, 'Abata', 'Automated grid-enabled migration', 6, '02/09/2021', 2, 'Reactive non-volatile project', 'Bartsrashen', '12/16/2012', 'Structural Engineer', true);
insert into experience (id, company, description, employment_type, end_date, experience_level, headline, location, start_date, title, visible) values (22, 'Thoughtbeat', 'Distributed mission-critical moderator', 2, '12/10/2020', 2, 'Synergistic needs-based collaboration', 'Ban Wald', '08/08/2015', 'Programmer Analyst III', true);
insert into experience (id, company, description, employment_type, end_date, experience_level, headline, location, start_date, title, visible) values (23, 'Trilia', 'Ergonomic secondary task-force', 4, '12/24/2020', 3, 'Reverse-engineered demand-driven firmware', 'Vetluzhskiy', '09/27/2010', 'Occupational Therapist', true);
insert into experience (id, company, description, employment_type, end_date, experience_level, headline, location, start_date, title, visible) values (24, 'Gabtype', 'Stand-alone 5th generation neural-net', 2, '05/07/2021', 5, 'Diverse secondary complexity', 'Monchegorsk', '02/27/2007', 'Junior Executive', false);
insert into experience (id, company, description, employment_type, end_date, experience_level, headline, location, start_date, title, visible) values (25, 'Quatz', 'Multi-channelled 24 hour contingency', 6, '04/25/2021', 4, 'Decentralized optimal knowledge base', 'Victoriaville', '12/22/2012', 'Professor', false);
insert into experience (id, company, description, employment_type, end_date, experience_level, headline, location, start_date, title, visible) values (26, 'Mudo', 'Focused system-worthy standardization', 1, null, 1, 'Enhanced tangible solution', 'Sonie', '03/19/2016', 'Assistant Media Planner', false);
insert into experience (id, company, description, employment_type, end_date, experience_level, headline, location, start_date, title, visible) values (27, 'Trupe', 'Universal systemic forecast', 0, '10/02/2020', 5, 'Managed actuating local area network', 'Jingkou', '10/03/2007', 'Human Resources Assistant II', false);
insert into experience (id, company, description, employment_type, end_date, experience_level, headline, location, start_date, title, visible) values (28, 'Thoughtbridge', 'Reactive secondary benchmark', 7, null, 3, 'Extended regional application', 'Viana', '04/16/2016', 'Senior Sales Associate', false);
insert into experience (id, company, description, employment_type, end_date, experience_level, headline, location, start_date, title, visible) values (29, 'Skyble', 'Vision-oriented solution-oriented function', 3, '11/30/2020', 1, 'Reactive executive throughput', 'Fryb', '02/26/2006', 'Web Designer II', false);
insert into experience (id, company, description, employment_type, end_date, experience_level, headline, location, start_date, title, visible) values (30, 'Edgeblab', 'De-engineered multi-tasking moratorium', 5, null, 5, 'Enhanced holistic support', 'Ban Na Muang', '01/01/2013', 'Financial Analyst', true);
insert into experience (id, company, description, employment_type, end_date, experience_level, headline, location, start_date, title, visible) values (31, 'Trudoo', 'Exclusive explicit extranet', 7, '06/10/2021', 4, 'Distributed mobile moratorium', 'Banh', '04/28/2006', 'Chemical Engineer', false);
insert into experience (id, company, description, employment_type, end_date, experience_level, headline, location, start_date, title, visible) values (32, 'Bluejam', 'Assimilated zero tolerance budgetary management', 0, '01/27/2021', 5, 'Streamlined uniform core', 'Aldana', '12/13/2013', 'Office Assistant I', true);
insert into experience (id, company, description, employment_type, end_date, experience_level, headline, location, start_date, title, visible) values (33, 'Oyondu', 'Right-sized dedicated definition', 0, '07/15/2021', 1, 'Ameliorated bottom-line data-warehouse', 'Minh Lng', '09/26/2010', 'Operator', true);
insert into experience (id, company, description, employment_type, end_date, experience_level, headline, location, start_date, title, visible) values (34, 'Zoonoodle', 'Horizontal national framework', 6, '12/12/2020', 0, 'User-centric global service-desk', 'San Clemente', '07/12/2013', 'Human Resources Assistant III', false);
insert into experience (id, company, description, employment_type, end_date, experience_level, headline, location, start_date, title, visible) values (35, 'Livetube', 'Decentralized bottom-line support', 3, null, 1, 'Mandatory national service-desk', 'Nha Trang', '06/24/2007', 'Tax Accountant', false);
insert into experience (id, company, description, employment_type, end_date, experience_level, headline, location, start_date, title, visible) values (36, 'Twitterlist', 'Integrated full-range groupware', 4, '03/31/2021', 0, 'Integrated high-level standardization', 'Buy', '08/10/2010', 'Software Consultant', true);
insert into experience (id, company, description, employment_type, end_date, experience_level, headline, location, start_date, title, visible) values (37, 'Tambee', 'Decentralized incremental core', 2, null, 5, 'Intuitive methodical emulation', 'Songwon', '05/23/2006', 'Automation Specialist I', false);
insert into experience (id, company, description, employment_type, end_date, experience_level, headline, location, start_date, title, visible) values (38, 'Linkbuzz', 'Versatile background access', 6, '02/13/2021', 1, 'Monitored executive local area network', 'Pira', '04/08/2014', 'Desktop Support Technician', true);
insert into experience (id, company, description, employment_type, end_date, experience_level, headline, location, start_date, title, visible) values (39, 'Linktype', 'Pre-emptive exuding structure', 1, '06/11/2021', 2, 'Innovative bandwidth-monitored attitude', 'Rajal Norte', '03/01/2010', 'Assistant Media Planner', false);
insert into experience (id, company, description, employment_type, end_date, experience_level, headline, location, start_date, title, visible) values (40, 'Dynazzy', 'Visionary motivating internet solution', 1, '08/18/2021', 1, 'Pre-emptive system-worthy service-desk', 'Misau', '07/25/2006', 'Web Designer I', false);
insert into experience (id, company, description, employment_type, end_date, experience_level, headline, location, start_date, title, visible) values (41, 'Youbridge', 'Switchable composite hierarchy', 6, '07/25/2021', 5, 'Compatible object-oriented workforce', 'Pitangui', '05/29/2008', 'Administrative Assistant III', true);
insert into experience (id, company, description, employment_type, end_date, experience_level, headline, location, start_date, title, visible) values (42, 'Zoovu', 'Reduced 24 hour knowledge base', 5, '10/07/2020', 3, 'Managed uniform encryption', 'Kolwezi', '03/04/2015', 'Nurse', true);
insert into experience (id, company, description, employment_type, end_date, experience_level, headline, location, start_date, title, visible) values (43, 'Jaxworks', 'Re-contextualized mission-critical migration', 7, '07/23/2021', 1, 'De-engineered maximized time-frame', 'Maracana', '12/07/2009', 'General Manager', true);
insert into experience (id, company, description, employment_type, end_date, experience_level, headline, location, start_date, title, visible) values (44, 'Topicstorm', 'Upgradable directional projection', 2, '01/07/2021', 1, 'Robust multi-state hardware', 'Raofeng', '10/16/2012', 'Account Executive', false);
insert into experience (id, company, description, employment_type, end_date, experience_level, headline, location, start_date, title, visible) values (45, 'Gabspot', 'Self-enabling 6th generation database', 1, '10/02/2020', 1, 'Fundamental leading edge local area network', 'Araci', '11/20/2006', 'Compensation Analyst', false);
insert into experience (id, company, description, employment_type, end_date, experience_level, headline, location, start_date, title, visible) values (46, 'Trupe', 'Proactive client-driven system engine', 5, '11/25/2020', 3, 'Networked static architecture', 'Dueas', '04/27/2011', 'Human Resources Manager', false);
insert into experience (id, company, description, employment_type, end_date, experience_level, headline, location, start_date, title, visible) values (47, 'Zoonoodle', 'Optional intangible structure', 0, '07/06/2021', 0, 'Digitized heuristic throughput', 'Cataguases', '08/24/2013', 'Marketing Assistant', true);
insert into experience (id, company, description, employment_type, end_date, experience_level, headline, location, start_date, title, visible) values (48, 'Zoomzone', 'Organic stable benchmark', 1, null, 1, 'Secured 5th generation intranet', 'Ikar', '06/05/2012', 'VP Product Management', false);
insert into experience (id, company, description, employment_type, end_date, experience_level, headline, location, start_date, title, visible) values (49, 'Vipe', 'Optional leading edge utilisation', 1, null, 1, 'Mandatory radical alliance', 'Shiren', '06/25/2013', 'Data Coordiator', false);
insert into experience (id, company, description, employment_type, end_date, experience_level, headline, location, start_date, title, visible) values (50, 'Fivespan', 'Vision-oriented holistic solution', 4, '09/16/2021', 4, 'Secured bifurcated matrices', 'Curuman', '09/11/2010', 'Project Manager', false);
insert into experience (id, company, description, employment_type, end_date, experience_level, headline, location, start_date, title, visible) values (51, 'Bluejam', 'Front-line client-server projection', 7, '12/06/2020', 4, 'Customizable grid-enabled complexity', 'Kadugannawa', '09/17/2009', 'Staff Accountant IV', true);
insert into experience (id, company, description, employment_type, end_date, experience_level, headline, location, start_date, title, visible) values (52, 'Omba', 'Stand-alone systematic process improvement', 7, '05/08/2021', 0, 'Ameliorated analyzing adapter', 'Sefrou', '03/10/2015', 'VP Accounting', false);
insert into experience (id, company, description, employment_type, end_date, experience_level, headline, location, start_date, title, visible) values (53, 'Talane', 'Grass-roots bandwidth-monitored capability', 7, '06/24/2021', 0, 'Open-architected reciprocal standardization', 'Az Ziyrah', '03/18/2009', 'General Manager', true);
insert into experience (id, company, description, employment_type, end_date, experience_level, headline, location, start_date, title, visible) values (54, 'Gabcube', 'Front-line reciprocal process improvement', 1, '12/19/2020', 5, 'Persevering 24/7 contingency', 'Miaogou', '08/02/2017', 'VP Marketing', true);
insert into experience (id, company, description, employment_type, end_date, experience_level, headline, location, start_date, title, visible) values (55, 'Jayo', 'Re-engineered client-server function', 5, '12/28/2020', 4, 'Organic multimedia service-desk', 'Novais', '11/03/2013', 'Electrical Engineer', true);
insert into experience (id, company, description, employment_type, end_date, experience_level, headline, location, start_date, title, visible) values (56, 'DabZ', 'Extended tertiary groupware', 5, '07/12/2021', 1, 'Mandatory well-modulated product', 'Jagey Grande', '08/08/2014', 'VP Product Management', false);
insert into experience (id, company, description, employment_type, end_date, experience_level, headline, location, start_date, title, visible) values (57, 'Vimbo', 'Customizable uniform attitude', 5, '09/17/2021', 2, 'Sharable static analyzer', 'Sorang', '03/29/2006', 'Quality Control Specialist', true);
insert into experience (id, company, description, employment_type, end_date, experience_level, headline, location, start_date, title, visible) values (58, 'Dabtype', 'Advanced exuding monitoring', 5, '05/12/2021', 5, 'Vision-oriented web-enabled benchmark', 'Halayhay', '04/10/2010', 'Payment Adjustment Coordinator', true);
insert into experience (id, company, description, employment_type, end_date, experience_level, headline, location, start_date, title, visible) values (59, 'Brainsphere', 'Open-source responsive array', 7, '04/13/2021', 2, 'Business-focused zero tolerance framework', 'Getung', '12/23/2009', 'Administrative Assistant I', true);
insert into experience (id, company, description, employment_type, end_date, experience_level, headline, location, start_date, title, visible) values (60, 'Zoovu', 'Phased 24/7 framework', 6, null, 5, 'Profound eco-centric software', 'Kopral', '08/16/2019', 'Help Desk Operator', false);
insert into experience (id, company, description, employment_type, end_date, experience_level, headline, location, start_date, title, visible) values (61, 'Skinte', 'Implemented upward-trending concept', 4, '07/25/2021', 2, 'Multi-lateral secondary help-desk', 'Donglinxi', '01/02/2007', 'Software Test Engineer I', true);
insert into experience (id, company, description, employment_type, end_date, experience_level, headline, location, start_date, title, visible) values (62, 'Twinder', 'Integrated reciprocal synergy', 4, '03/24/2021', 1, 'Synergistic mobile customer loyalty', 'Jatake', '03/25/2015', 'Web Designer III', true);
insert into experience (id, company, description, employment_type, end_date, experience_level, headline, location, start_date, title, visible) values (63, 'Oyope', 'Re-engineered upward-trending methodology', 0, '09/28/2020', 2, 'Extended discrete archive', 'Xinmin', '03/09/2012', 'Safety Technician II', false);
insert into experience (id, company, description, employment_type, end_date, experience_level, headline, location, start_date, title, visible) values (64, 'Yodel', 'Adaptive static encryption', 6, '10/22/2020', 2, 'Compatible 4th generation functionalities', 'Sobue', '12/23/2010', 'Safety Technician IV', false);
insert into experience (id, company, description, employment_type, end_date, experience_level, headline, location, start_date, title, visible) values (65, 'Ooba', 'Decentralized system-worthy moderator', 5, '01/01/2021', 1, 'Horizontal user-facing process improvement', 'Patos de Minas', '07/30/2007', 'Systems Administrator III', false);
insert into experience (id, company, description, employment_type, end_date, experience_level, headline, location, start_date, title, visible) values (66, 'Voonte', 'Business-focused tangible concept', 0, '06/14/2021', 3, 'Business-focused upward-trending leverage', 'Vllingby', '10/26/2017', 'Nurse', true);
insert into experience (id, company, description, employment_type, end_date, experience_level, headline, location, start_date, title, visible) values (67, 'Photolist', 'Seamless 24/7 open architecture', 2, '03/21/2021', 0, 'Synchronised secondary project', 'Rio das Ostras', '10/25/2017', 'Account Executive', true);
insert into experience (id, company, description, employment_type, end_date, experience_level, headline, location, start_date, title, visible) values (68, 'Yozio', 'Future-proofed cohesive solution', 5, '06/16/2021', 4, 'Future-proofed explicit matrices', 'Tgane', '04/22/2012', 'Mechanical Systems Engineer', false);
insert into experience (id, company, description, employment_type, end_date, experience_level, headline, location, start_date, title, visible) values (69, 'Realmix', 'Polarised logistical policy', 1, '12/21/2020', 2, 'Managed multi-state monitoring', 'Kaputian', '04/24/2013', 'Systems Administrator III', true);
insert into experience (id, company, description, employment_type, end_date, experience_level, headline, location, start_date, title, visible) values (70, 'Oodoo', 'Persistent multimedia focus group', 6, '09/09/2021', 2, 'Fully-configurable secondary product', 'San Pedro', '05/22/2006', 'Food Chemist', false);
insert into experience (id, company, description, employment_type, end_date, experience_level, headline, location, start_date, title, visible) values (71, 'Tagopia', 'Diverse empowering moderator', 7, '12/19/2020', 2, 'Profit-focused multimedia artificial intelligence', 'Siikajoki', '05/29/2011', 'Statistician III', true);
insert into experience (id, company, description, employment_type, end_date, experience_level, headline, location, start_date, title, visible) values (72, 'Wikizz', 'Polarised static definition', 7, null, 0, 'Stand-alone actuating array', 'Xiangxiang', '09/27/2012', 'Social Worker', false);
insert into experience (id, company, description, employment_type, end_date, experience_level, headline, location, start_date, title, visible) values (73, 'Chatterpoint', 'Future-proofed value-added approach', 4, '05/29/2021', 4, 'Polarised intermediate knowledge user', 'Maraial', '08/26/2007', 'Human Resources Assistant II', false);
insert into experience (id, company, description, employment_type, end_date, experience_level, headline, location, start_date, title, visible) values (74, 'Linkbuzz', 'Streamlined logistical synergy', 4, null, 0, 'Synergistic zero defect standardization', 'Krasnystaw', '12/18/2007', 'VP Product Management', true);
insert into experience (id, company, description, employment_type, end_date, experience_level, headline, location, start_date, title, visible) values (75, 'Jabbersphere', 'Profit-focused 6th generation system engine', 7, '01/15/2021', 0, 'Proactive needs-based emulation', 'Kulevcha', '09/11/2007', 'Analog Circuit Design manager', false);
insert into experience (id, company, description, employment_type, end_date, experience_level, headline, location, start_date, title, visible) values (76, 'Devpoint', 'De-engineered cohesive circuit', 3, null, 2, 'Horizontal interactive orchestration', 'Agbannawag', '05/28/2019', 'Human Resources Manager', true);
insert into experience (id, company, description, employment_type, end_date, experience_level, headline, location, start_date, title, visible) values (77, 'Skilith', 'Synergistic content-based analyzer', 1, null, 1, 'Customer-focused content-based intranet', 'Kuala Lumpur', '06/17/2019', 'Budget/Accounting Analyst I', true);
insert into experience (id, company, description, employment_type, end_date, experience_level, headline, location, start_date, title, visible) values (78, 'Skyvu', 'Advanced national portal', 3, null, 1, 'Polarised zero defect open system', 'Lom Sak', '01/17/2008', 'Research Associate', false);
insert into experience (id, company, description, employment_type, end_date, experience_level, headline, location, start_date, title, visible) values (79, 'Brainverse', 'Versatile radical groupware', 3, null, 2, 'Vision-oriented modular intranet', 'Digne-les-Bains', '12/27/2012', 'Graphic Designer', true);
insert into experience (id, company, description, employment_type, end_date, experience_level, headline, location, start_date, title, visible) values (80, 'Jaxworks', 'Multi-channelled executive website', 5, '09/01/2021', 4, 'Team-oriented client-server product', 'Anrong', '04/02/2012', 'Technical Writer', true);
insert into experience (id, company, description, employment_type, end_date, experience_level, headline, location, start_date, title, visible) values (81, 'Dabfeed', 'Grass-roots bandwidth-monitored solution', 3, null, 5, 'Synergized asymmetric interface', 'Khotynets', '02/09/2015', 'VP Product Management', false);
insert into experience (id, company, description, employment_type, end_date, experience_level, headline, location, start_date, title, visible) values (82, 'Nlounge', 'Operative 24 hour portal', 5, '07/22/2021', 3, 'Enterprise-wide 4th generation Graphic Interface', 'Samsan', '11/26/2005', 'Marketing Assistant', true);
insert into experience (id, company, description, employment_type, end_date, experience_level, headline, location, start_date, title, visible) values (83, 'Kwimbee', 'Proactive bi-directional conglomeration', 0, '09/30/2020', 3, 'Profound next generation structure', 'Puerto Alto', '06/25/2015', 'Junior Executive', true);
insert into experience (id, company, description, employment_type, end_date, experience_level, headline, location, start_date, title, visible) values (84, 'Yambee', 'Pre-emptive transitional internet solution', 0, '07/27/2021', 1, 'Synergized full-range initiative', 'Taihu', '10/07/2008', 'Junior Executive', false);
insert into experience (id, company, description, employment_type, end_date, experience_level, headline, location, start_date, title, visible) values (85, 'Youfeed', 'Function-based multi-state firmware', 7, '03/06/2021', 5, 'Future-proofed disintermediate complexity', 'Sishui', '09/26/2015', 'Programmer III', true);
insert into experience (id, company, description, employment_type, end_date, experience_level, headline, location, start_date, title, visible) values (86, 'Realbuzz', 'Front-line zero defect process improvement', 6, '01/21/2021', 4, 'Focused dedicated groupware', 'Sorinomo', '03/06/2008', 'Safety Technician III', true);
insert into experience (id, company, description, employment_type, end_date, experience_level, headline, location, start_date, title, visible) values (87, 'Layo', 'Automated clear-thinking definition', 2, '12/29/2020', 0, 'Open-source next generation time-frame', 'Menzel Bourguiba', '12/08/2015', 'Senior Developer', true);
insert into experience (id, company, description, employment_type, end_date, experience_level, headline, location, start_date, title, visible) values (88, 'Shufflebeat', 'Stand-alone maximized toolset', 7, '11/07/2020', 5, 'Fully-configurable uniform pricing structure', 'Wichita', '04/05/2009', 'Statistician III', false);
insert into experience (id, company, description, employment_type, end_date, experience_level, headline, location, start_date, title, visible) values (89, 'Kazio', 'Stand-alone content-based framework', 2, '10/10/2020', 4, 'Self-enabling clear-thinking intranet', 'Akunk', '03/28/2012', 'Payment Adjustment Coordinator', false);
insert into experience (id, company, description, employment_type, end_date, experience_level, headline, location, start_date, title, visible) values (90, 'Skynoodle', 'Assimilated directional flexibility', 2, '09/24/2021', 2, 'Face to face logistical capability', 'Vstra Frlunda', '10/22/2005', 'Operator', true);
insert into experience (id, company, description, employment_type, end_date, experience_level, headline, location, start_date, title, visible) values (91, 'Gigaclub', 'Self-enabling mobile frame', 1, '03/29/2021', 5, 'Managed attitude-oriented function', 'Gaogu', '11/25/2010', 'Editor', false);
insert into experience (id, company, description, employment_type, end_date, experience_level, headline, location, start_date, title, visible) values (92, 'Oloo', 'Proactive interactive hardware', 5, null, 4, 'Organic well-modulated throughput', 'Mpika', '06/15/2011', 'Business Systems Development Analyst', true);
insert into experience (id, company, description, employment_type, end_date, experience_level, headline, location, start_date, title, visible) values (93, 'Gigaclub', 'Robust dynamic alliance', 2, '01/13/2021', 2, 'Horizontal didactic flexibility', 'gaki', '12/28/2017', 'Financial Analyst', false);
insert into experience (id, company, description, employment_type, end_date, experience_level, headline, location, start_date, title, visible) values (94, 'Fivechat', 'Team-oriented tertiary conglomeration', 5, '07/20/2021', 2, 'Public-key intangible time-frame', 'Yuzui', '01/22/2016', 'Marketing Assistant', false);
insert into experience (id, company, description, employment_type, end_date, experience_level, headline, location, start_date, title, visible) values (95, 'Tagchat', 'Public-key well-modulated internet solution', 1, '10/13/2020', 4, 'Diverse systemic adapter', 'Pogorzyce', '04/13/2007', 'Environmental Specialist', true);
insert into experience (id, company, description, employment_type, end_date, experience_level, headline, location, start_date, title, visible) values (96, 'Skipstorm', 'Vision-oriented 24/7 emulation', 0, '12/14/2020', 4, 'Compatible content-based product', 'Kuasha', '02/11/2011', 'Environmental Tech', true);
insert into experience (id, company, description, employment_type, end_date, experience_level, headline, location, start_date, title, visible) values (97, 'Wordpedia', 'Reduced stable implementation', 5, '08/31/2021', 0, 'Self-enabling exuding website', 'San Diego', '11/27/2010', 'Analyst Programmer', false);
insert into experience (id, company, description, employment_type, end_date, experience_level, headline, location, start_date, title, visible) values (98, 'Livepath', 'Diverse 24 hour analyzer', 6, '02/05/2021', 2, 'Switchable discrete infrastructure', 'Jingtou', '09/12/2013', 'Junior Executive', true);
insert into experience (id, company, description, employment_type, end_date, experience_level, headline, location, start_date, title, visible) values (99, 'Livefish', 'Optimized incremental data-warehouse', 3, '10/02/2020', 3, 'Expanded empowering capacity', 'Khadr', '11/21/2006', 'General Manager', false);
insert into experience (id, company, description, employment_type, end_date, experience_level, headline, location, start_date, title, visible) values (100, 'Realblab', 'Open-architected 24 hour moratorium', 6, '04/16/2021', 1, 'Reactive zero administration superstructure', 'Musan-p', '09/19/2015', 'Electrical Engineer', true);


insert into account_experience (account_id, experience_id) values (2, 2);
insert into account_experience (account_id, experience_id) values (3, 3);
insert into account_experience (account_id, experience_id) values (4, 4);
insert into account_experience (account_id, experience_id) values (5, 5);
insert into account_experience (account_id, experience_id) values (6, 6);
insert into account_experience (account_id, experience_id) values (7, 7);
insert into account_experience (account_id, experience_id) values (8, 8);
insert into account_experience (account_id, experience_id) values (9, 9);
insert into account_experience (account_id, experience_id) values (10, 10);
insert into account_experience (account_id, experience_id) values (11, 11);
insert into account_experience (account_id, experience_id) values (12, 12);
insert into account_experience (account_id, experience_id) values (13, 13);
insert into account_experience (account_id, experience_id) values (14, 14);
insert into account_experience (account_id, experience_id) values (15, 15);
insert into account_experience (account_id, experience_id) values (16, 16);
insert into account_experience (account_id, experience_id) values (17, 17);
insert into account_experience (account_id, experience_id) values (18, 18);
insert into account_experience (account_id, experience_id) values (19, 19);
insert into account_experience (account_id, experience_id) values (20, 20);
insert into account_experience (account_id, experience_id) values (21, 21);
insert into account_experience (account_id, experience_id) values (22, 22);
insert into account_experience (account_id, experience_id) values (23, 23);
insert into account_experience (account_id, experience_id) values (24, 24);
insert into account_experience (account_id, experience_id) values (25, 25);
insert into account_experience (account_id, experience_id) values (26, 26);
insert into account_experience (account_id, experience_id) values (27, 27);
insert into account_experience (account_id, experience_id) values (28, 28);
insert into account_experience (account_id, experience_id) values (29, 29);
insert into account_experience (account_id, experience_id) values (30, 30);
insert into account_experience (account_id, experience_id) values (31, 31);
insert into account_experience (account_id, experience_id) values (32, 32);
insert into account_experience (account_id, experience_id) values (33, 33);
insert into account_experience (account_id, experience_id) values (34, 34);
insert into account_experience (account_id, experience_id) values (35, 35);
insert into account_experience (account_id, experience_id) values (36, 36);
insert into account_experience (account_id, experience_id) values (37, 37);
insert into account_experience (account_id, experience_id) values (38, 38);
insert into account_experience (account_id, experience_id) values (39, 39);
insert into account_experience (account_id, experience_id) values (40, 40);
insert into account_experience (account_id, experience_id) values (41, 41);
insert into account_experience (account_id, experience_id) values (42, 42);
insert into account_experience (account_id, experience_id) values (43, 43);
insert into account_experience (account_id, experience_id) values (44, 44);
insert into account_experience (account_id, experience_id) values (45, 45);
insert into account_experience (account_id, experience_id) values (46, 46);
insert into account_experience (account_id, experience_id) values (47, 47);
insert into account_experience (account_id, experience_id) values (48, 48);
insert into account_experience (account_id, experience_id) values (49, 49);
insert into account_experience (account_id, experience_id) values (50, 50);
insert into account_experience (account_id, experience_id) values (51, 51);
insert into account_experience (account_id, experience_id) values (52, 52);
insert into account_experience (account_id, experience_id) values (53, 53);
insert into account_experience (account_id, experience_id) values (54, 54);
insert into account_experience (account_id, experience_id) values (55, 55);
insert into account_experience (account_id, experience_id) values (56, 56);
insert into account_experience (account_id, experience_id) values (57, 57);
insert into account_experience (account_id, experience_id) values (58, 58);
insert into account_experience (account_id, experience_id) values (59, 59);
insert into account_experience (account_id, experience_id) values (60, 60);
insert into account_experience (account_id, experience_id) values (61, 61);
insert into account_experience (account_id, experience_id) values (62, 62);
insert into account_experience (account_id, experience_id) values (63, 63);
insert into account_experience (account_id, experience_id) values (64, 64);
insert into account_experience (account_id, experience_id) values (65, 65);
insert into account_experience (account_id, experience_id) values (66, 66);
insert into account_experience (account_id, experience_id) values (67, 67);
insert into account_experience (account_id, experience_id) values (68, 68);
insert into account_experience (account_id, experience_id) values (69, 69);
insert into account_experience (account_id, experience_id) values (70, 70);
insert into account_experience (account_id, experience_id) values (71, 71);
insert into account_experience (account_id, experience_id) values (72, 72);
insert into account_experience (account_id, experience_id) values (73, 73);
insert into account_experience (account_id, experience_id) values (74, 74);
insert into account_experience (account_id, experience_id) values (75, 75);
insert into account_experience (account_id, experience_id) values (76, 76);
insert into account_experience (account_id, experience_id) values (77, 77);
insert into account_experience (account_id, experience_id) values (78, 78);
insert into account_experience (account_id, experience_id) values (79, 79);
insert into account_experience (account_id, experience_id) values (80, 80);
insert into account_experience (account_id, experience_id) values (81, 81);
insert into account_experience (account_id, experience_id) values (82, 82);
insert into account_experience (account_id, experience_id) values (83, 83);
insert into account_experience (account_id, experience_id) values (84, 84);
insert into account_experience (account_id, experience_id) values (85, 85);
insert into account_experience (account_id, experience_id) values (86, 86);
insert into account_experience (account_id, experience_id) values (87, 87);
insert into account_experience (account_id, experience_id) values (88, 88);
insert into account_experience (account_id, experience_id) values (89, 89);
insert into account_experience (account_id, experience_id) values (90, 90);
insert into account_experience (account_id, experience_id) values (91, 91);
insert into account_experience (account_id, experience_id) values (92, 92);
insert into account_experience (account_id, experience_id) values (93, 93);
insert into account_experience (account_id, experience_id) values (94, 94);
insert into account_experience (account_id, experience_id) values (95, 95);
insert into account_experience (account_id, experience_id) values (96, 96);
insert into account_experience (account_id, experience_id) values (97, 97);
insert into account_experience (account_id, experience_id) values (98, 98);
insert into account_experience (account_id, experience_id) values (99, 99);
insert into account_experience (account_id, experience_id) values (100, 100);



insert into tags (id, tag) values (1, 'TECHNOLOGY');
insert into tags (id, tag) values (2, 'BUSINESS');
insert into tags (id, tag) values (3, 'MACHINE LEARNING');
insert into tags (id, tag) values (4, 'SOFTWARE');
insert into tags (id, tag) values (5, 'HARDWARE');
insert into tags (id, tag) values (6, 'SALES');
insert into tags (id, tag) values (7, 'RESEARCH');
insert into tags (id, tag) values (8, 'MAINTENANCE');
insert into tags (id, tag) values (9, 'OPERATING SYSTEMS');
insert into tags (id, tag) values (10, 'ARTIFICIAL INTELLIGENCE');
insert into tags (id, tag) values (11, 'DBMS');
insert into tags (id, tag) values (12, 'NETWORKING');
insert into tags (id, tag) values (13, 'DATA STRUCTURES');
insert into tags (id, tag) values (14, 'ALGORITHMS');
insert into tags (id, tag) values (15, 'OOP');
insert into tags (id, tag) values (16, 'SQL');
insert into tags (id, tag) values (17, 'UNIX');
insert into tags (id, tag) values (18, 'WINDOWS');
insert into tags (id, tag) values (19, 'GIT');
insert into tags (id, tag) values (20, 'GITHUB');
insert into tags (id, tag) values (21, 'MANAGEMENT');
insert into tags (id, tag) values (22, 'ECONOMICS');
insert into tags (id, tag) values (23, 'PSYCHOLOGY');
insert into tags (id, tag) values (24, 'HISTORY');
insert into tags (id, tag) values (25, 'BOOKS');
insert into tags (id, tag) values (26, 'MUSIC');
insert into tags (id, tag) values (27, 'RUNNING');
insert into tags (id, tag) values (28, 'SWIMMING');
insert into tags (id, tag) values (29, 'LAW');
insert into tags (id, tag) values (30, 'MATHEMATICS');
insert into tags (id, tag) values (31, 'PHYSICS');
insert into tags (id, tag) values (32, 'ENGINEERING');
insert into tags (id, tag) values (33, 'ARCHITECTURE');
insert into tags (id, tag) values (34, 'AGRICULTURE');
insert into tags (id, tag) values (35, 'SPACE');
insert into tags (id, tag) values (36, 'CHEMISTRY');
insert into tags (id, tag) values (37, 'SCIENCE');
insert into tags (id, tag) values (38, 'POLITICS');
insert into tags (id, tag) values (39, 'ATHLETICS');
insert into tags (id, tag) values (40, 'ROBOTICS');
insert into tags (id, tag) values (41, 'BIOINFORMATICS');
insert into tags (id, tag) values (42, 'MEDICINE');
insert into tags (id, tag) values (43, 'ARCHEOLOGY');
insert into tags (id, tag) values (44, 'STOCK MARKET');
insert into tags (id, tag) values (45, 'CRYPTOCURRENCY');
insert into tags (id, tag) values (46, 'YACHTS');
insert into tags (id, tag) values (47, 'SHIPS');
insert into tags (id, tag) values (48, 'AEROPLANE');
insert into tags (id, tag) values (49, 'MINERAL RESOURCES');
insert into tags (id, tag) values (50, 'MINING');
insert into tags (id, tag) values (51, 'TRAVELLING');



insert into account_tags (account_id, tag_id) values (23, 13);
insert into account_tags (account_id, tag_id) values (96, 6);
insert into account_tags (account_id, tag_id) values (60, 38);
insert into account_tags (account_id, tag_id) values (27, 10);
insert into account_tags (account_id, tag_id) values (49, 20);
insert into account_tags (account_id, tag_id) values (71, 4);
insert into account_tags (account_id, tag_id) values (27, 35);
insert into account_tags (account_id, tag_id) values (100, 10);
insert into account_tags (account_id, tag_id) values (56, 9);
insert into account_tags (account_id, tag_id) values (27, 19);
insert into account_tags (account_id, tag_id) values (33, 26);
insert into account_tags (account_id, tag_id) values (69, 44);
insert into account_tags (account_id, tag_id) values (14, 20);
insert into account_tags (account_id, tag_id) values (85, 33);
insert into account_tags (account_id, tag_id) values (72, 51);
insert into account_tags (account_id, tag_id) values (16, 34);
insert into account_tags (account_id, tag_id) values (97, 23);
insert into account_tags (account_id, tag_id) values (41, 28);
insert into account_tags (account_id, tag_id) values (100, 29);
insert into account_tags (account_id, tag_id) values (38, 1);
insert into account_tags (account_id, tag_id) values (81, 40);
insert into account_tags (account_id, tag_id) values (17, 13);
insert into account_tags (account_id, tag_id) values (46, 5);
insert into account_tags (account_id, tag_id) values (46, 18);
insert into account_tags (account_id, tag_id) values (51, 31);
insert into account_tags (account_id, tag_id) values (38, 12);
insert into account_tags (account_id, tag_id) values (43, 3);
insert into account_tags (account_id, tag_id) values (86, 34);
insert into account_tags (account_id, tag_id) values (39, 51);
insert into account_tags (account_id, tag_id) values (58, 40);
insert into account_tags (account_id, tag_id) values (11, 24);
insert into account_tags (account_id, tag_id) values (48, 28);
insert into account_tags (account_id, tag_id) values (5, 17);
insert into account_tags (account_id, tag_id) values (25, 25);
insert into account_tags (account_id, tag_id) values (58, 19);
insert into account_tags (account_id, tag_id) values (37, 35);
insert into account_tags (account_id, tag_id) values (5, 33);
insert into account_tags (account_id, tag_id) values (89, 34);
insert into account_tags (account_id, tag_id) values (65, 5);
insert into account_tags (account_id, tag_id) values (2, 31);
insert into account_tags (account_id, tag_id) values (91, 51);
insert into account_tags (account_id, tag_id) values (67, 44);
insert into account_tags (account_id, tag_id) values (15, 37);
insert into account_tags (account_id, tag_id) values (42, 21);
insert into account_tags (account_id, tag_id) values (35, 19);
insert into account_tags (account_id, tag_id) values (40, 1);
insert into account_tags (account_id, tag_id) values (71, 5);
insert into account_tags (account_id, tag_id) values (32, 42);
insert into account_tags (account_id, tag_id) values (95, 20);
insert into account_tags (account_id, tag_id) values (39, 18);
insert into account_tags (account_id, tag_id) values (8, 41);
insert into account_tags (account_id, tag_id) values (17, 27);
insert into account_tags (account_id, tag_id) values (65, 27);
insert into account_tags (account_id, tag_id) values (43, 14);
insert into account_tags (account_id, tag_id) values (83, 26);
insert into account_tags (account_id, tag_id) values (34, 33);
insert into account_tags (account_id, tag_id) values (81, 16);
insert into account_tags (account_id, tag_id) values (74, 50);
insert into account_tags (account_id, tag_id) values (89, 41);
insert into account_tags (account_id, tag_id) values (54, 45);
insert into account_tags (account_id, tag_id) values (38, 43);
insert into account_tags (account_id, tag_id) values (92, 40);
insert into account_tags (account_id, tag_id) values (34, 39);
insert into account_tags (account_id, tag_id) values (46, 9);
insert into account_tags (account_id, tag_id) values (24, 30);
insert into account_tags (account_id, tag_id) values (51, 38);
insert into account_tags (account_id, tag_id) values (19, 44);
insert into account_tags (account_id, tag_id) values (85, 1);
insert into account_tags (account_id, tag_id) values (60, 6);
insert into account_tags (account_id, tag_id) values (46, 15);
insert into account_tags (account_id, tag_id) values (49, 43);
insert into account_tags (account_id, tag_id) values (44, 22);
insert into account_tags (account_id, tag_id) values (24, 35);
insert into account_tags (account_id, tag_id) values (19, 16);
insert into account_tags (account_id, tag_id) values (64, 41);
insert into account_tags (account_id, tag_id) values (83, 27);
insert into account_tags (account_id, tag_id) values (6, 20);
insert into account_tags (account_id, tag_id) values (10, 23);
insert into account_tags (account_id, tag_id) values (28, 26);
insert into account_tags (account_id, tag_id) values (39, 12);
insert into account_tags (account_id, tag_id) values (31, 30);
insert into account_tags (account_id, tag_id) values (91, 50);
insert into account_tags (account_id, tag_id) values (16, 17);
insert into account_tags (account_id, tag_id) values (95, 27);
insert into account_tags (account_id, tag_id) values (58, 40);
insert into account_tags (account_id, tag_id) values (35, 8);
insert into account_tags (account_id, tag_id) values (93, 1);
insert into account_tags (account_id, tag_id) values (41, 47);
insert into account_tags (account_id, tag_id) values (58, 51);
insert into account_tags (account_id, tag_id) values (2, 34);
insert into account_tags (account_id, tag_id) values (47, 36);
insert into account_tags (account_id, tag_id) values (67, 12);
insert into account_tags (account_id, tag_id) values (52, 31);
insert into account_tags (account_id, tag_id) values (32, 20);
insert into account_tags (account_id, tag_id) values (7, 49);
insert into account_tags (account_id, tag_id) values (87, 40);
insert into account_tags (account_id, tag_id) values (49, 44);
insert into account_tags (account_id, tag_id) values (56, 39);
insert into account_tags (account_id, tag_id) values (41, 31);
insert into account_tags (account_id, tag_id) values (23, 31);
insert into account_tags (account_id, tag_id) values (95, 45);
insert into account_tags (account_id, tag_id) values (67, 40);
insert into account_tags (account_id, tag_id) values (88, 51);
insert into account_tags (account_id, tag_id) values (54, 49);
insert into account_tags (account_id, tag_id) values (53, 40);
insert into account_tags (account_id, tag_id) values (68, 16);
insert into account_tags (account_id, tag_id) values (43, 2);
insert into account_tags (account_id, tag_id) values (67, 6);
insert into account_tags (account_id, tag_id) values (73, 11);
insert into account_tags (account_id, tag_id) values (30, 15);
insert into account_tags (account_id, tag_id) values (33, 2);
insert into account_tags (account_id, tag_id) values (23, 23);
insert into account_tags (account_id, tag_id) values (46, 30);
insert into account_tags (account_id, tag_id) values (4, 1);
insert into account_tags (account_id, tag_id) values (93, 10);
insert into account_tags (account_id, tag_id) values (22, 49);
insert into account_tags (account_id, tag_id) values (52, 18);
insert into account_tags (account_id, tag_id) values (30, 16);
insert into account_tags (account_id, tag_id) values (88, 21);
insert into account_tags (account_id, tag_id) values (47, 9);
insert into account_tags (account_id, tag_id) values (58, 39);
insert into account_tags (account_id, tag_id) values (10, 23);
insert into account_tags (account_id, tag_id) values (40, 13);
insert into account_tags (account_id, tag_id) values (18, 26);
insert into account_tags (account_id, tag_id) values (63, 10);
insert into account_tags (account_id, tag_id) values (93, 10);
insert into account_tags (account_id, tag_id) values (21, 49);
insert into account_tags (account_id, tag_id) values (74, 43);
insert into account_tags (account_id, tag_id) values (98, 50);
insert into account_tags (account_id, tag_id) values (83, 3);
insert into account_tags (account_id, tag_id) values (81, 22);
insert into account_tags (account_id, tag_id) values (35, 46);
insert into account_tags (account_id, tag_id) values (68, 3);
insert into account_tags (account_id, tag_id) values (68, 25);
insert into account_tags (account_id, tag_id) values (90, 49);
insert into account_tags (account_id, tag_id) values (14, 44);
insert into account_tags (account_id, tag_id) values (38, 51);
insert into account_tags (account_id, tag_id) values (53, 12);
insert into account_tags (account_id, tag_id) values (12, 40);
insert into account_tags (account_id, tag_id) values (100, 24);
insert into account_tags (account_id, tag_id) values (63, 13);
insert into account_tags (account_id, tag_id) values (41, 8);
insert into account_tags (account_id, tag_id) values (33, 38);
insert into account_tags (account_id, tag_id) values (70, 45);
insert into account_tags (account_id, tag_id) values (85, 48);
insert into account_tags (account_id, tag_id) values (92, 17);
insert into account_tags (account_id, tag_id) values (20, 20);
insert into account_tags (account_id, tag_id) values (75, 22);
insert into account_tags (account_id, tag_id) values (13, 12);
insert into account_tags (account_id, tag_id) values (22, 50);
insert into account_tags (account_id, tag_id) values (52, 50);
insert into account_tags (account_id, tag_id) values (7, 23);
insert into account_tags (account_id, tag_id) values (35, 12);
insert into account_tags (account_id, tag_id) values (61, 33);
insert into account_tags (account_id, tag_id) values (18, 35);
insert into account_tags (account_id, tag_id) values (76, 28);
insert into account_tags (account_id, tag_id) values (6, 17);
insert into account_tags (account_id, tag_id) values (54, 44);
insert into account_tags (account_id, tag_id) values (8, 44);
insert into account_tags (account_id, tag_id) values (97, 12);
insert into account_tags (account_id, tag_id) values (43, 44);
insert into account_tags (account_id, tag_id) values (16, 25);
insert into account_tags (account_id, tag_id) values (52, 39);
insert into account_tags (account_id, tag_id) values (35, 23);
insert into account_tags (account_id, tag_id) values (90, 20);
insert into account_tags (account_id, tag_id) values (19, 22);
insert into account_tags (account_id, tag_id) values (35, 7);
insert into account_tags (account_id, tag_id) values (52, 43);
insert into account_tags (account_id, tag_id) values (100, 8);
insert into account_tags (account_id, tag_id) values (16, 41);
insert into account_tags (account_id, tag_id) values (19, 47);
insert into account_tags (account_id, tag_id) values (29, 3);
insert into account_tags (account_id, tag_id) values (5, 41);
insert into account_tags (account_id, tag_id) values (56, 34);
insert into account_tags (account_id, tag_id) values (32, 36);
insert into account_tags (account_id, tag_id) values (31, 6);
insert into account_tags (account_id, tag_id) values (87, 51);
insert into account_tags (account_id, tag_id) values (40, 21);
insert into account_tags (account_id, tag_id) values (42, 21);
insert into account_tags (account_id, tag_id) values (10, 44);
insert into account_tags (account_id, tag_id) values (78, 48);
insert into account_tags (account_id, tag_id) values (2, 25);
insert into account_tags (account_id, tag_id) values (67, 37);
insert into account_tags (account_id, tag_id) values (37, 48);
insert into account_tags (account_id, tag_id) values (63, 30);
insert into account_tags (account_id, tag_id) values (32, 17);
insert into account_tags (account_id, tag_id) values (64, 40);
insert into account_tags (account_id, tag_id) values (80, 38);
insert into account_tags (account_id, tag_id) values (22, 39);
insert into account_tags (account_id, tag_id) values (34, 22);
insert into account_tags (account_id, tag_id) values (74, 44);
insert into account_tags (account_id, tag_id) values (4, 44);
insert into account_tags (account_id, tag_id) values (44, 23);
insert into account_tags (account_id, tag_id) values (3, 46);
insert into account_tags (account_id, tag_id) values (62, 26);
insert into account_tags (account_id, tag_id) values (10, 48);
insert into account_tags (account_id, tag_id) values (59, 33);
insert into account_tags (account_id, tag_id) values (30, 32);
insert into account_tags (account_id, tag_id) values (49, 21);
insert into account_tags (account_id, tag_id) values (66, 21);
insert into account_tags (account_id, tag_id) values (83, 29);
insert into account_tags (account_id, tag_id) values (68, 37);
insert into account_tags (account_id, tag_id) values (9, 48);
insert into account_tags (account_id, tag_id) values (22, 18);
insert into account_tags (account_id, tag_id) values (22, 50);
insert into account_tags (account_id, tag_id) values (43, 25);
insert into account_tags (account_id, tag_id) values (68, 41);
insert into account_tags (account_id, tag_id) values (19, 23);
insert into account_tags (account_id, tag_id) values (95, 38);
insert into account_tags (account_id, tag_id) values (79, 30);
insert into account_tags (account_id, tag_id) values (38, 16);
insert into account_tags (account_id, tag_id) values (77, 27);
insert into account_tags (account_id, tag_id) values (18, 9);
insert into account_tags (account_id, tag_id) values (21, 45);
insert into account_tags (account_id, tag_id) values (38, 41);
insert into account_tags (account_id, tag_id) values (31, 48);
insert into account_tags (account_id, tag_id) values (77, 41);
insert into account_tags (account_id, tag_id) values (86, 40);
insert into account_tags (account_id, tag_id) values (15, 25);
insert into account_tags (account_id, tag_id) values (31, 33);
insert into account_tags (account_id, tag_id) values (83, 6);
insert into account_tags (account_id, tag_id) values (83, 42);
insert into account_tags (account_id, tag_id) values (72, 50);
insert into account_tags (account_id, tag_id) values (9, 10);
insert into account_tags (account_id, tag_id) values (83, 20);
insert into account_tags (account_id, tag_id) values (57, 41);
insert into account_tags (account_id, tag_id) values (82, 26);
insert into account_tags (account_id, tag_id) values (17, 33);
insert into account_tags (account_id, tag_id) values (33, 27);
insert into account_tags (account_id, tag_id) values (26, 1);
insert into account_tags (account_id, tag_id) values (97, 37);
insert into account_tags (account_id, tag_id) values (6, 2);
insert into account_tags (account_id, tag_id) values (62, 19);
insert into account_tags (account_id, tag_id) values (95, 36);
insert into account_tags (account_id, tag_id) values (45, 40);
insert into account_tags (account_id, tag_id) values (92, 22);
insert into account_tags (account_id, tag_id) values (85, 34);
insert into account_tags (account_id, tag_id) values (13, 46);
insert into account_tags (account_id, tag_id) values (49, 34);
insert into account_tags (account_id, tag_id) values (60, 36);
insert into account_tags (account_id, tag_id) values (17, 46);
insert into account_tags (account_id, tag_id) values (64, 45);
insert into account_tags (account_id, tag_id) values (99, 43);
insert into account_tags (account_id, tag_id) values (81, 48);
insert into account_tags (account_id, tag_id) values (54, 10);
insert into account_tags (account_id, tag_id) values (15, 6);
insert into account_tags (account_id, tag_id) values (15, 45);
insert into account_tags (account_id, tag_id) values (7, 29);
insert into account_tags (account_id, tag_id) values (15, 10);
insert into account_tags (account_id, tag_id) values (73, 11);
insert into account_tags (account_id, tag_id) values (63, 29);
insert into account_tags (account_id, tag_id) values (3, 24);
insert into account_tags (account_id, tag_id) values (96, 19);
insert into account_tags (account_id, tag_id) values (82, 11);
insert into account_tags (account_id, tag_id) values (79, 39);
insert into account_tags (account_id, tag_id) values (26, 28);
insert into account_tags (account_id, tag_id) values (62, 34);
insert into account_tags (account_id, tag_id) values (56, 45);
insert into account_tags (account_id, tag_id) values (7, 36);
insert into account_tags (account_id, tag_id) values (90, 16);
insert into account_tags (account_id, tag_id) values (87, 15);
insert into account_tags (account_id, tag_id) values (56, 40);
insert into account_tags (account_id, tag_id) values (75, 41);
insert into account_tags (account_id, tag_id) values (66, 26);
insert into account_tags (account_id, tag_id) values (18, 13);
insert into account_tags (account_id, tag_id) values (7, 20);
insert into account_tags (account_id, tag_id) values (4, 49);
insert into account_tags (account_id, tag_id) values (87, 26);
insert into account_tags (account_id, tag_id) values (47, 14);
insert into account_tags (account_id, tag_id) values (8, 17);
insert into account_tags (account_id, tag_id) values (97, 18);
insert into account_tags (account_id, tag_id) values (38, 37);
insert into account_tags (account_id, tag_id) values (22, 45);
insert into account_tags (account_id, tag_id) values (31, 14);
insert into account_tags (account_id, tag_id) values (50, 37);
insert into account_tags (account_id, tag_id) values (96, 30);
insert into account_tags (account_id, tag_id) values (23, 42);
insert into account_tags (account_id, tag_id) values (73, 29);
insert into account_tags (account_id, tag_id) values (99, 48);
insert into account_tags (account_id, tag_id) values (10, 24);
insert into account_tags (account_id, tag_id) values (84, 43);
insert into account_tags (account_id, tag_id) values (2, 27);
insert into account_tags (account_id, tag_id) values (59, 2);
insert into account_tags (account_id, tag_id) values (81, 35);
insert into account_tags (account_id, tag_id) values (73, 45);
insert into account_tags (account_id, tag_id) values (50, 1);
insert into account_tags (account_id, tag_id) values (97, 8);
insert into account_tags (account_id, tag_id) values (70, 37);
insert into account_tags (account_id, tag_id) values (15, 36);
insert into account_tags (account_id, tag_id) values (22, 8);
insert into account_tags (account_id, tag_id) values (93, 1);
insert into account_tags (account_id, tag_id) values (82, 24);
insert into account_tags (account_id, tag_id) values (45, 27);
insert into account_tags (account_id, tag_id) values (58, 3);
insert into account_tags (account_id, tag_id) values (3, 6);
insert into account_tags (account_id, tag_id) values (11, 37);
insert into account_tags (account_id, tag_id) values (20, 6);
insert into account_tags (account_id, tag_id) values (42, 50);
insert into account_tags (account_id, tag_id) values (97, 46);
insert into account_tags (account_id, tag_id) values (79, 24);
insert into account_tags (account_id, tag_id) values (83, 16);
insert into account_tags (account_id, tag_id) values (8, 20);
insert into account_tags (account_id, tag_id) values (62, 29);
insert into account_tags (account_id, tag_id) values (100, 28);
insert into account_tags (account_id, tag_id) values (53, 38);
insert into account_tags (account_id, tag_id) values (27, 16);
insert into account_tags (account_id, tag_id) values (26, 14);
insert into account_tags (account_id, tag_id) values (32, 28);
insert into account_tags (account_id, tag_id) values (42, 50);
insert into account_tags (account_id, tag_id) values (7, 39);
insert into account_tags (account_id, tag_id) values (8, 1);
insert into account_tags (account_id, tag_id) values (14, 15);
insert into account_tags (account_id, tag_id) values (52, 2);
insert into account_tags (account_id, tag_id) values (63, 8);
insert into account_tags (account_id, tag_id) values (89, 8);
insert into account_tags (account_id, tag_id) values (37, 20);
insert into account_tags (account_id, tag_id) values (76, 6);
insert into account_tags (account_id, tag_id) values (71, 6);
insert into account_tags (account_id, tag_id) values (43, 7);
insert into account_tags (account_id, tag_id) values (16, 33);
insert into account_tags (account_id, tag_id) values (61, 18);
insert into account_tags (account_id, tag_id) values (78, 38);
insert into account_tags (account_id, tag_id) values (72, 9);
insert into account_tags (account_id, tag_id) values (90, 16);
insert into account_tags (account_id, tag_id) values (52, 11);
insert into account_tags (account_id, tag_id) values (91, 15);
insert into account_tags (account_id, tag_id) values (53, 21);
insert into account_tags (account_id, tag_id) values (49, 35);
insert into account_tags (account_id, tag_id) values (5, 15);
insert into account_tags (account_id, tag_id) values (30, 49);
insert into account_tags (account_id, tag_id) values (59, 16);
insert into account_tags (account_id, tag_id) values (26, 46);
insert into account_tags (account_id, tag_id) values (66, 5);
insert into account_tags (account_id, tag_id) values (67, 26);
insert into account_tags (account_id, tag_id) values (21, 8);
insert into account_tags (account_id, tag_id) values (44, 23);
insert into account_tags (account_id, tag_id) values (99, 27);
insert into account_tags (account_id, tag_id) values (56, 44);
insert into account_tags (account_id, tag_id) values (11, 37);
insert into account_tags (account_id, tag_id) values (32, 11);
insert into account_tags (account_id, tag_id) values (13, 10);
insert into account_tags (account_id, tag_id) values (49, 11);
insert into account_tags (account_id, tag_id) values (82, 17);
insert into account_tags (account_id, tag_id) values (43, 33);
insert into account_tags (account_id, tag_id) values (39, 23);
insert into account_tags (account_id, tag_id) values (81, 42);
insert into account_tags (account_id, tag_id) values (37, 44);
insert into account_tags (account_id, tag_id) values (86, 28);
insert into account_tags (account_id, tag_id) values (45, 10);
insert into account_tags (account_id, tag_id) values (10, 49);
insert into account_tags (account_id, tag_id) values (37, 35);
insert into account_tags (account_id, tag_id) values (13, 15);
insert into account_tags (account_id, tag_id) values (69, 34);
insert into account_tags (account_id, tag_id) values (77, 18);
insert into account_tags (account_id, tag_id) values (82, 9);
insert into account_tags (account_id, tag_id) values (81, 13);
insert into account_tags (account_id, tag_id) values (98, 14);
insert into account_tags (account_id, tag_id) values (97, 39);
insert into account_tags (account_id, tag_id) values (75, 31);
insert into account_tags (account_id, tag_id) values (18, 11);
insert into account_tags (account_id, tag_id) values (60, 17);
insert into account_tags (account_id, tag_id) values (50, 21);
insert into account_tags (account_id, tag_id) values (58, 1);
insert into account_tags (account_id, tag_id) values (19, 35);
insert into account_tags (account_id, tag_id) values (95, 30);
insert into account_tags (account_id, tag_id) values (83, 42);
insert into account_tags (account_id, tag_id) values (54, 33);
insert into account_tags (account_id, tag_id) values (68, 27);
insert into account_tags (account_id, tag_id) values (58, 37);
insert into account_tags (account_id, tag_id) values (69, 33);
insert into account_tags (account_id, tag_id) values (54, 22);
insert into account_tags (account_id, tag_id) values (15, 7);
insert into account_tags (account_id, tag_id) values (39, 4);
insert into account_tags (account_id, tag_id) values (95, 5);
insert into account_tags (account_id, tag_id) values (37, 30);
insert into account_tags (account_id, tag_id) values (71, 41);
insert into account_tags (account_id, tag_id) values (50, 37);
insert into account_tags (account_id, tag_id) values (47, 43);
insert into account_tags (account_id, tag_id) values (22, 12);
insert into account_tags (account_id, tag_id) values (21, 16);
insert into account_tags (account_id, tag_id) values (93, 29);
insert into account_tags (account_id, tag_id) values (12, 42);
insert into account_tags (account_id, tag_id) values (11, 50);
insert into account_tags (account_id, tag_id) values (33, 31);
insert into account_tags (account_id, tag_id) values (80, 28);
insert into account_tags (account_id, tag_id) values (12, 10);
insert into account_tags (account_id, tag_id) values (37, 11);
insert into account_tags (account_id, tag_id) values (15, 16);
insert into account_tags (account_id, tag_id) values (64, 18);
insert into account_tags (account_id, tag_id) values (6, 32);
insert into account_tags (account_id, tag_id) values (12, 33);
insert into account_tags (account_id, tag_id) values (21, 1);
insert into account_tags (account_id, tag_id) values (48, 15);
insert into account_tags (account_id, tag_id) values (81, 13);
insert into account_tags (account_id, tag_id) values (70, 19);
insert into account_tags (account_id, tag_id) values (70, 51);
insert into account_tags (account_id, tag_id) values (9, 33);
insert into account_tags (account_id, tag_id) values (23, 46);
insert into account_tags (account_id, tag_id) values (11, 50);
insert into account_tags (account_id, tag_id) values (95, 7);
insert into account_tags (account_id, tag_id) values (33, 15);
insert into account_tags (account_id, tag_id) values (11, 46);
insert into account_tags (account_id, tag_id) values (22, 35);
insert into account_tags (account_id, tag_id) values (37, 20);
insert into account_tags (account_id, tag_id) values (68, 46);
insert into account_tags (account_id, tag_id) values (85, 18);
insert into account_tags (account_id, tag_id) values (58, 30);
insert into account_tags (account_id, tag_id) values (31, 14);
insert into account_tags (account_id, tag_id) values (26, 46);
insert into account_tags (account_id, tag_id) values (29, 32);
insert into account_tags (account_id, tag_id) values (38, 46);
insert into account_tags (account_id, tag_id) values (84, 44);
insert into account_tags (account_id, tag_id) values (14, 41);
insert into account_tags (account_id, tag_id) values (96, 1);
insert into account_tags (account_id, tag_id) values (75, 42);
insert into account_tags (account_id, tag_id) values (34, 17);
insert into account_tags (account_id, tag_id) values (95, 26);
insert into account_tags (account_id, tag_id) values (63, 17);
insert into account_tags (account_id, tag_id) values (91, 23);
insert into account_tags (account_id, tag_id) values (83, 17);
insert into account_tags (account_id, tag_id) values (67, 49);
insert into account_tags (account_id, tag_id) values (61, 31);
insert into account_tags (account_id, tag_id) values (40, 9);
insert into account_tags (account_id, tag_id) values (78, 9);
insert into account_tags (account_id, tag_id) values (89, 5);
insert into account_tags (account_id, tag_id) values (72, 50);
insert into account_tags (account_id, tag_id) values (41, 6);
insert into account_tags (account_id, tag_id) values (2, 8);
insert into account_tags (account_id, tag_id) values (64, 9);
insert into account_tags (account_id, tag_id) values (85, 35);
insert into account_tags (account_id, tag_id) values (69, 33);
insert into account_tags (account_id, tag_id) values (98, 49);
insert into account_tags (account_id, tag_id) values (79, 48);
insert into account_tags (account_id, tag_id) values (13, 4);
insert into account_tags (account_id, tag_id) values (56, 33);
insert into account_tags (account_id, tag_id) values (33, 48);
insert into account_tags (account_id, tag_id) values (71, 20);
insert into account_tags (account_id, tag_id) values (6, 37);
insert into account_tags (account_id, tag_id) values (2, 47);
insert into account_tags (account_id, tag_id) values (97, 9);
insert into account_tags (account_id, tag_id) values (10, 16);
insert into account_tags (account_id, tag_id) values (76, 20);
insert into account_tags (account_id, tag_id) values (12, 22);
insert into account_tags (account_id, tag_id) values (69, 8);
insert into account_tags (account_id, tag_id) values (89, 36);
insert into account_tags (account_id, tag_id) values (19, 16);
insert into account_tags (account_id, tag_id) values (79, 13);
insert into account_tags (account_id, tag_id) values (100, 9);
insert into account_tags (account_id, tag_id) values (30, 34);
insert into account_tags (account_id, tag_id) values (4, 48);
insert into account_tags (account_id, tag_id) values (83, 50);
insert into account_tags (account_id, tag_id) values (47, 29);
insert into account_tags (account_id, tag_id) values (67, 51);
insert into account_tags (account_id, tag_id) values (14, 46);
insert into account_tags (account_id, tag_id) values (17, 6);
insert into account_tags (account_id, tag_id) values (26, 2);
insert into account_tags (account_id, tag_id) values (29, 50);
insert into account_tags (account_id, tag_id) values (57, 19);
insert into account_tags (account_id, tag_id) values (22, 18);
insert into account_tags (account_id, tag_id) values (36, 9);
insert into account_tags (account_id, tag_id) values (19, 4);
insert into account_tags (account_id, tag_id) values (48, 1);
insert into account_tags (account_id, tag_id) values (14, 42);
insert into account_tags (account_id, tag_id) values (62, 8);
insert into account_tags (account_id, tag_id) values (8, 22);
insert into account_tags (account_id, tag_id) values (49, 6);
insert into account_tags (account_id, tag_id) values (35, 24);
insert into account_tags (account_id, tag_id) values (23, 18);
insert into account_tags (account_id, tag_id) values (23, 44);
insert into account_tags (account_id, tag_id) values (59, 1);
insert into account_tags (account_id, tag_id) values (63, 2);
insert into account_tags (account_id, tag_id) values (94, 26);
insert into account_tags (account_id, tag_id) values (67, 29);
insert into account_tags (account_id, tag_id) values (96, 33);
insert into account_tags (account_id, tag_id) values (9, 1);
insert into account_tags (account_id, tag_id) values (16, 31);
insert into account_tags (account_id, tag_id) values (82, 23);
insert into account_tags (account_id, tag_id) values (8, 13);
insert into account_tags (account_id, tag_id) values (36, 36);
insert into account_tags (account_id, tag_id) values (20, 30);
insert into account_tags (account_id, tag_id) values (4, 51);
insert into account_tags (account_id, tag_id) values (44, 8);
insert into account_tags (account_id, tag_id) values (25, 29);
insert into account_tags (account_id, tag_id) values (70, 41);
insert into account_tags (account_id, tag_id) values (78, 22);
insert into account_tags (account_id, tag_id) values (88, 14);
insert into account_tags (account_id, tag_id) values (71, 48);
insert into account_tags (account_id, tag_id) values (19, 26);
insert into account_tags (account_id, tag_id) values (11, 44);
insert into account_tags (account_id, tag_id) values (35, 11);
insert into account_tags (account_id, tag_id) values (57, 3);
insert into account_tags (account_id, tag_id) values (39, 3);
insert into account_tags (account_id, tag_id) values (41, 30);
insert into account_tags (account_id, tag_id) values (34, 3);
insert into account_tags (account_id, tag_id) values (9, 23);
insert into account_tags (account_id, tag_id) values (62, 41);
insert into account_tags (account_id, tag_id) values (28, 21);
insert into account_tags (account_id, tag_id) values (31, 10);
insert into account_tags (account_id, tag_id) values (58, 48);
insert into account_tags (account_id, tag_id) values (55, 16);
insert into account_tags (account_id, tag_id) values (46, 1);
insert into account_tags (account_id, tag_id) values (58, 47);
insert into account_tags (account_id, tag_id) values (93, 8);
insert into account_tags (account_id, tag_id) values (100, 27);
insert into account_tags (account_id, tag_id) values (8, 1);
insert into account_tags (account_id, tag_id) values (68, 51);
insert into account_tags (account_id, tag_id) values (17, 50);
insert into account_tags (account_id, tag_id) values (45, 19);
insert into account_tags (account_id, tag_id) values (57, 15);
insert into account_tags (account_id, tag_id) values (95, 4);
insert into account_tags (account_id, tag_id) values (32, 1);
insert into account_tags (account_id, tag_id) values (62, 7);
insert into account_tags (account_id, tag_id) values (31, 51);
insert into account_tags (account_id, tag_id) values (3, 37);
insert into account_tags (account_id, tag_id) values (94, 8);
insert into account_tags (account_id, tag_id) values (22, 19);
insert into account_tags (account_id, tag_id) values (26, 46);
insert into account_tags (account_id, tag_id) values (24, 36);
insert into account_tags (account_id, tag_id) values (23, 43);
insert into account_tags (account_id, tag_id) values (25, 5);
insert into account_tags (account_id, tag_id) values (24, 1);
insert into account_tags (account_id, tag_id) values (4, 37);
insert into account_tags (account_id, tag_id) values (82, 51);
insert into account_tags (account_id, tag_id) values (29, 40);
insert into account_tags (account_id, tag_id) values (73, 7);
insert into account_tags (account_id, tag_id) values (82, 2);
insert into account_tags (account_id, tag_id) values (93, 42);
insert into account_tags (account_id, tag_id) values (19, 7);
insert into account_tags (account_id, tag_id) values (24, 27);
insert into account_tags (account_id, tag_id) values (100, 9);
insert into account_tags (account_id, tag_id) values (25, 15);
insert into account_tags (account_id, tag_id) values (95, 36);
insert into account_tags (account_id, tag_id) values (21, 6);
insert into account_tags (account_id, tag_id) values (86, 5);
insert into account_tags (account_id, tag_id) values (14, 40);
insert into account_tags (account_id, tag_id) values (47, 38);
insert into account_tags (account_id, tag_id) values (66, 15);
insert into account_tags (account_id, tag_id) values (37, 19);
insert into account_tags (account_id, tag_id) values (4, 19);
insert into account_tags (account_id, tag_id) values (47, 29);
insert into account_tags (account_id, tag_id) values (23, 15);
insert into account_tags (account_id, tag_id) values (21, 9);
insert into account_tags (account_id, tag_id) values (20, 7);
insert into account_tags (account_id, tag_id) values (3, 20);
insert into account_tags (account_id, tag_id) values (8, 14);
insert into account_tags (account_id, tag_id) values (38, 30);
insert into account_tags (account_id, tag_id) values (6, 49);
insert into account_tags (account_id, tag_id) values (22, 36);
insert into account_tags (account_id, tag_id) values (8, 25);
insert into account_tags (account_id, tag_id) values (56, 4);
insert into account_tags (account_id, tag_id) values (27, 43);
insert into account_tags (account_id, tag_id) values (60, 33);
insert into account_tags (account_id, tag_id) values (72, 10);
insert into account_tags (account_id, tag_id) values (69, 24);
insert into account_tags (account_id, tag_id) values (31, 44);
insert into account_tags (account_id, tag_id) values (14, 12);
insert into account_tags (account_id, tag_id) values (13, 34);
insert into account_tags (account_id, tag_id) values (92, 14);
insert into account_tags (account_id, tag_id) values (16, 51);
insert into account_tags (account_id, tag_id) values (66, 1);
insert into account_tags (account_id, tag_id) values (49, 14);
insert into account_tags (account_id, tag_id) values (9, 6);
insert into account_tags (account_id, tag_id) values (34, 24);
insert into account_tags (account_id, tag_id) values (17, 22);
insert into account_tags (account_id, tag_id) values (55, 22);
insert into account_tags (account_id, tag_id) values (22, 33);
insert into account_tags (account_id, tag_id) values (7, 21);
insert into account_tags (account_id, tag_id) values (34, 48);
insert into account_tags (account_id, tag_id) values (69, 46);
insert into account_tags (account_id, tag_id) values (98, 40);
insert into account_tags (account_id, tag_id) values (74, 48);
insert into account_tags (account_id, tag_id) values (19, 7);
insert into account_tags (account_id, tag_id) values (26, 23);
insert into account_tags (account_id, tag_id) values (34, 24);
insert into account_tags (account_id, tag_id) values (81, 26);
insert into account_tags (account_id, tag_id) values (32, 12);
insert into account_tags (account_id, tag_id) values (63, 19);
insert into account_tags (account_id, tag_id) values (73, 28);
insert into account_tags (account_id, tag_id) values (80, 4);
insert into account_tags (account_id, tag_id) values (65, 51);
insert into account_tags (account_id, tag_id) values (26, 42);
insert into account_tags (account_id, tag_id) values (19, 40);
insert into account_tags (account_id, tag_id) values (18, 1);
insert into account_tags (account_id, tag_id) values (60, 32);
insert into account_tags (account_id, tag_id) values (64, 34);
insert into account_tags (account_id, tag_id) values (78, 29);
insert into account_tags (account_id, tag_id) values (18, 24);
insert into account_tags (account_id, tag_id) values (40, 5);
insert into account_tags (account_id, tag_id) values (71, 17);
insert into account_tags (account_id, tag_id) values (43, 10);
insert into account_tags (account_id, tag_id) values (64, 8);
insert into account_tags (account_id, tag_id) values (9, 4);
insert into account_tags (account_id, tag_id) values (91, 39);
insert into account_tags (account_id, tag_id) values (50, 7);
insert into account_tags (account_id, tag_id) values (89, 34);
insert into account_tags (account_id, tag_id) values (44, 4);
insert into account_tags (account_id, tag_id) values (74, 50);
insert into account_tags (account_id, tag_id) values (47, 19);
insert into account_tags (account_id, tag_id) values (76, 33);
insert into account_tags (account_id, tag_id) values (51, 46);
insert into account_tags (account_id, tag_id) values (11, 20);
insert into account_tags (account_id, tag_id) values (55, 17);
insert into account_tags (account_id, tag_id) values (80, 35);
insert into account_tags (account_id, tag_id) values (10, 47);
insert into account_tags (account_id, tag_id) values (50, 26);
insert into account_tags (account_id, tag_id) values (40, 28);
insert into account_tags (account_id, tag_id) values (55, 21);
insert into account_tags (account_id, tag_id) values (4, 32);
insert into account_tags (account_id, tag_id) values (22, 43);
insert into account_tags (account_id, tag_id) values (67, 26);
insert into account_tags (account_id, tag_id) values (91, 19);
insert into account_tags (account_id, tag_id) values (41, 31);
insert into account_tags (account_id, tag_id) values (6, 21);
insert into account_tags (account_id, tag_id) values (40, 4);
insert into account_tags (account_id, tag_id) values (26, 5);
insert into account_tags (account_id, tag_id) values (74, 33);
insert into account_tags (account_id, tag_id) values (10, 1);
insert into account_tags (account_id, tag_id) values (37, 7);
insert into account_tags (account_id, tag_id) values (11, 15);
insert into account_tags (account_id, tag_id) values (36, 45);
insert into account_tags (account_id, tag_id) values (3, 45);
insert into account_tags (account_id, tag_id) values (86, 17);
insert into account_tags (account_id, tag_id) values (31, 39);
insert into account_tags (account_id, tag_id) values (16, 46);
insert into account_tags (account_id, tag_id) values (57, 40);
insert into account_tags (account_id, tag_id) values (75, 5);
insert into account_tags (account_id, tag_id) values (32, 7);
insert into account_tags (account_id, tag_id) values (85, 37);
insert into account_tags (account_id, tag_id) values (33, 9);
insert into account_tags (account_id, tag_id) values (73, 43);
insert into account_tags (account_id, tag_id) values (46, 51);
insert into account_tags (account_id, tag_id) values (88, 49);
insert into account_tags (account_id, tag_id) values (81, 5);
insert into account_tags (account_id, tag_id) values (37, 45);
insert into account_tags (account_id, tag_id) values (52, 10);
insert into account_tags (account_id, tag_id) values (34, 25);
insert into account_tags (account_id, tag_id) values (46, 19);
insert into account_tags (account_id, tag_id) values (65, 1);
insert into account_tags (account_id, tag_id) values (58, 12);
insert into account_tags (account_id, tag_id) values (98, 34);
insert into account_tags (account_id, tag_id) values (44, 35);
insert into account_tags (account_id, tag_id) values (16, 22);
insert into account_tags (account_id, tag_id) values (96, 9);
insert into account_tags (account_id, tag_id) values (10, 42);
insert into account_tags (account_id, tag_id) values (66, 33);
insert into account_tags (account_id, tag_id) values (3, 14);
insert into account_tags (account_id, tag_id) values (50, 14);
insert into account_tags (account_id, tag_id) values (31, 19);
insert into account_tags (account_id, tag_id) values (38, 17);
insert into account_tags (account_id, tag_id) values (26, 15);
insert into account_tags (account_id, tag_id) values (44, 7);
insert into account_tags (account_id, tag_id) values (75, 47);
insert into account_tags (account_id, tag_id) values (26, 27);
insert into account_tags (account_id, tag_id) values (76, 21);
insert into account_tags (account_id, tag_id) values (75, 41);
insert into account_tags (account_id, tag_id) values (9, 13);
insert into account_tags (account_id, tag_id) values (95, 2);
insert into account_tags (account_id, tag_id) values (87, 46);
insert into account_tags (account_id, tag_id) values (31, 3);
insert into account_tags (account_id, tag_id) values (58, 51);
insert into account_tags (account_id, tag_id) values (40, 23);
insert into account_tags (account_id, tag_id) values (95, 44);
insert into account_tags (account_id, tag_id) values (95, 39);
insert into account_tags (account_id, tag_id) values (94, 13);
insert into account_tags (account_id, tag_id) values (71, 4);
insert into account_tags (account_id, tag_id) values (23, 7);
insert into account_tags (account_id, tag_id) values (29, 14);
insert into account_tags (account_id, tag_id) values (93, 23);
insert into account_tags (account_id, tag_id) values (90, 40);
insert into account_tags (account_id, tag_id) values (39, 11);
insert into account_tags (account_id, tag_id) values (71, 20);
insert into account_tags (account_id, tag_id) values (12, 20);
insert into account_tags (account_id, tag_id) values (21, 19);
insert into account_tags (account_id, tag_id) values (89, 24);
insert into account_tags (account_id, tag_id) values (91, 30);
insert into account_tags (account_id, tag_id) values (54, 34);
insert into account_tags (account_id, tag_id) values (85, 44);
insert into account_tags (account_id, tag_id) values (82, 33);
insert into account_tags (account_id, tag_id) values (2, 16);
insert into account_tags (account_id, tag_id) values (84, 45);
insert into account_tags (account_id, tag_id) values (97, 24);
insert into account_tags (account_id, tag_id) values (4, 44);
insert into account_tags (account_id, tag_id) values (54, 20);
insert into account_tags (account_id, tag_id) values (12, 41);
insert into account_tags (account_id, tag_id) values (76, 14);
insert into account_tags (account_id, tag_id) values (2, 14);
insert into account_tags (account_id, tag_id) values (72, 51);
insert into account_tags (account_id, tag_id) values (66, 2);
insert into account_tags (account_id, tag_id) values (3, 29);
insert into account_tags (account_id, tag_id) values (35, 43);
insert into account_tags (account_id, tag_id) values (97, 16);
insert into account_tags (account_id, tag_id) values (37, 29);
insert into account_tags (account_id, tag_id) values (13, 31);
insert into account_tags (account_id, tag_id) values (42, 5);
insert into account_tags (account_id, tag_id) values (31, 11);
insert into account_tags (account_id, tag_id) values (19, 38);
insert into account_tags (account_id, tag_id) values (38, 5);
insert into account_tags (account_id, tag_id) values (42, 35);
insert into account_tags (account_id, tag_id) values (24, 8);
insert into account_tags (account_id, tag_id) values (92, 10);
insert into account_tags (account_id, tag_id) values (29, 17);
insert into account_tags (account_id, tag_id) values (47, 13);
insert into account_tags (account_id, tag_id) values (10, 45);
insert into account_tags (account_id, tag_id) values (36, 21);
insert into account_tags (account_id, tag_id) values (74, 2);
insert into account_tags (account_id, tag_id) values (20, 17);
insert into account_tags (account_id, tag_id) values (98, 28);
insert into account_tags (account_id, tag_id) values (45, 30);
insert into account_tags (account_id, tag_id) values (21, 36);
insert into account_tags (account_id, tag_id) values (94, 33);
insert into account_tags (account_id, tag_id) values (91, 18);
insert into account_tags (account_id, tag_id) values (73, 5);
insert into account_tags (account_id, tag_id) values (14, 6);
insert into account_tags (account_id, tag_id) values (89, 47);
insert into account_tags (account_id, tag_id) values (20, 12);
insert into account_tags (account_id, tag_id) values (98, 17);
insert into account_tags (account_id, tag_id) values (76, 22);
insert into account_tags (account_id, tag_id) values (40, 47);
insert into account_tags (account_id, tag_id) values (76, 48);
insert into account_tags (account_id, tag_id) values (2, 10);
insert into account_tags (account_id, tag_id) values (39, 3);
insert into account_tags (account_id, tag_id) values (83, 28);
insert into account_tags (account_id, tag_id) values (82, 42);
insert into account_tags (account_id, tag_id) values (61, 29);
insert into account_tags (account_id, tag_id) values (90, 36);
insert into account_tags (account_id, tag_id) values (75, 16);
insert into account_tags (account_id, tag_id) values (78, 12);
insert into account_tags (account_id, tag_id) values (45, 11);
insert into account_tags (account_id, tag_id) values (15, 40);
insert into account_tags (account_id, tag_id) values (43, 35);
insert into account_tags (account_id, tag_id) values (58, 27);
insert into account_tags (account_id, tag_id) values (62, 32);
insert into account_tags (account_id, tag_id) values (99, 35);
insert into account_tags (account_id, tag_id) values (54, 2);
insert into account_tags (account_id, tag_id) values (98, 8);
insert into account_tags (account_id, tag_id) values (35, 33);
insert into account_tags (account_id, tag_id) values (24, 49);
insert into account_tags (account_id, tag_id) values (10, 35);
insert into account_tags (account_id, tag_id) values (47, 12);
insert into account_tags (account_id, tag_id) values (21, 13);
insert into account_tags (account_id, tag_id) values (83, 14);
insert into account_tags (account_id, tag_id) values (80, 42);
insert into account_tags (account_id, tag_id) values (84, 30);
insert into account_tags (account_id, tag_id) values (95, 15);
insert into account_tags (account_id, tag_id) values (26, 42);
insert into account_tags (account_id, tag_id) values (69, 41);
insert into account_tags (account_id, tag_id) values (99, 15);
insert into account_tags (account_id, tag_id) values (84, 40);
insert into account_tags (account_id, tag_id) values (95, 32);
insert into account_tags (account_id, tag_id) values (16, 27);
insert into account_tags (account_id, tag_id) values (7, 38);
insert into account_tags (account_id, tag_id) values (35, 30);
insert into account_tags (account_id, tag_id) values (76, 26);
insert into account_tags (account_id, tag_id) values (30, 5);
insert into account_tags (account_id, tag_id) values (56, 32);
insert into account_tags (account_id, tag_id) values (41, 38);
insert into account_tags (account_id, tag_id) values (88, 50);
insert into account_tags (account_id, tag_id) values (91, 31);
insert into account_tags (account_id, tag_id) values (6, 6);
insert into account_tags (account_id, tag_id) values (31, 14);
insert into account_tags (account_id, tag_id) values (18, 20);
insert into account_tags (account_id, tag_id) values (47, 19);
insert into account_tags (account_id, tag_id) values (57, 29);
insert into account_tags (account_id, tag_id) values (40, 34);
insert into account_tags (account_id, tag_id) values (16, 40);
insert into account_tags (account_id, tag_id) values (14, 8);
insert into account_tags (account_id, tag_id) values (17, 11);
insert into account_tags (account_id, tag_id) values (28, 42);
insert into account_tags (account_id, tag_id) values (67, 22);
insert into account_tags (account_id, tag_id) values (77, 19);
insert into account_tags (account_id, tag_id) values (58, 40);
insert into account_tags (account_id, tag_id) values (39, 41);
insert into account_tags (account_id, tag_id) values (23, 47);
insert into account_tags (account_id, tag_id) values (19, 13);
insert into account_tags (account_id, tag_id) values (4, 5);
insert into account_tags (account_id, tag_id) values (48, 2);
insert into account_tags (account_id, tag_id) values (38, 39);
insert into account_tags (account_id, tag_id) values (90, 26);
insert into account_tags (account_id, tag_id) values (79, 26);
insert into account_tags (account_id, tag_id) values (44, 12);
insert into account_tags (account_id, tag_id) values (81, 34);
insert into account_tags (account_id, tag_id) values (43, 40);
insert into account_tags (account_id, tag_id) values (32, 10);
insert into account_tags (account_id, tag_id) values (34, 34);
insert into account_tags (account_id, tag_id) values (26, 27);
insert into account_tags (account_id, tag_id) values (87, 6);
insert into account_tags (account_id, tag_id) values (100, 45);
insert into account_tags (account_id, tag_id) values (14, 47);
insert into account_tags (account_id, tag_id) values (15, 40);
insert into account_tags (account_id, tag_id) values (15, 13);
insert into account_tags (account_id, tag_id) values (44, 41);
insert into account_tags (account_id, tag_id) values (2, 12);
insert into account_tags (account_id, tag_id) values (93, 33);
insert into account_tags (account_id, tag_id) values (48, 8);
insert into account_tags (account_id, tag_id) values (16, 24);
insert into account_tags (account_id, tag_id) values (40, 46);
insert into account_tags (account_id, tag_id) values (37, 47);
insert into account_tags (account_id, tag_id) values (9, 7);
insert into account_tags (account_id, tag_id) values (12, 33);
insert into account_tags (account_id, tag_id) values (14, 5);
insert into account_tags (account_id, tag_id) values (35, 29);
insert into account_tags (account_id, tag_id) values (59, 31);
insert into account_tags (account_id, tag_id) values (78, 37);
insert into account_tags (account_id, tag_id) values (43, 17);
insert into account_tags (account_id, tag_id) values (68, 47);
insert into account_tags (account_id, tag_id) values (67, 12);
insert into account_tags (account_id, tag_id) values (44, 43);
insert into account_tags (account_id, tag_id) values (70, 37);
insert into account_tags (account_id, tag_id) values (8, 15);
insert into account_tags (account_id, tag_id) values (85, 40);
insert into account_tags (account_id, tag_id) values (74, 28);
insert into account_tags (account_id, tag_id) values (14, 34);
insert into account_tags (account_id, tag_id) values (95, 26);
insert into account_tags (account_id, tag_id) values (40, 32);
insert into account_tags (account_id, tag_id) values (60, 33);
insert into account_tags (account_id, tag_id) values (36, 31);
insert into account_tags (account_id, tag_id) values (63, 41);
insert into account_tags (account_id, tag_id) values (15, 41);
insert into account_tags (account_id, tag_id) values (33, 11);
insert into account_tags (account_id, tag_id) values (39, 17);
insert into account_tags (account_id, tag_id) values (92, 36);
insert into account_tags (account_id, tag_id) values (94, 14);
insert into account_tags (account_id, tag_id) values (94, 7);
insert into account_tags (account_id, tag_id) values (88, 27);
insert into account_tags (account_id, tag_id) values (13, 8);
insert into account_tags (account_id, tag_id) values (45, 20);
insert into account_tags (account_id, tag_id) values (51, 7);
insert into account_tags (account_id, tag_id) values (33, 19);
insert into account_tags (account_id, tag_id) values (55, 37);
insert into account_tags (account_id, tag_id) values (28, 25);
insert into account_tags (account_id, tag_id) values (65, 8);
insert into account_tags (account_id, tag_id) values (36, 17);
insert into account_tags (account_id, tag_id) values (82, 27);
insert into account_tags (account_id, tag_id) values (3, 42);
insert into account_tags (account_id, tag_id) values (7, 40);
insert into account_tags (account_id, tag_id) values (63, 21);
insert into account_tags (account_id, tag_id) values (99, 28);
insert into account_tags (account_id, tag_id) values (26, 38);
insert into account_tags (account_id, tag_id) values (32, 9);
insert into account_tags (account_id, tag_id) values (4, 10);
insert into account_tags (account_id, tag_id) values (84, 32);
insert into account_tags (account_id, tag_id) values (85, 35);
insert into account_tags (account_id, tag_id) values (17, 35);
insert into account_tags (account_id, tag_id) values (92, 13);
insert into account_tags (account_id, tag_id) values (56, 4);
insert into account_tags (account_id, tag_id) values (11, 37);
insert into account_tags (account_id, tag_id) values (50, 49);
insert into account_tags (account_id, tag_id) values (25, 12);
insert into account_tags (account_id, tag_id) values (56, 17);
insert into account_tags (account_id, tag_id) values (33, 28);
insert into account_tags (account_id, tag_id) values (57, 38);
insert into account_tags (account_id, tag_id) values (78, 9);
insert into account_tags (account_id, tag_id) values (58, 41);
insert into account_tags (account_id, tag_id) values (50, 33);
insert into account_tags (account_id, tag_id) values (14, 30);
insert into account_tags (account_id, tag_id) values (74, 22);
insert into account_tags (account_id, tag_id) values (52, 28);
insert into account_tags (account_id, tag_id) values (7, 33);
insert into account_tags (account_id, tag_id) values (93, 50);
insert into account_tags (account_id, tag_id) values (55, 33);
insert into account_tags (account_id, tag_id) values (96, 15);
insert into account_tags (account_id, tag_id) values (21, 47);
insert into account_tags (account_id, tag_id) values (36, 21);
insert into account_tags (account_id, tag_id) values (93, 37);
insert into account_tags (account_id, tag_id) values (61, 25);
insert into account_tags (account_id, tag_id) values (99, 38);
insert into account_tags (account_id, tag_id) values (4, 38);
insert into account_tags (account_id, tag_id) values (13, 26);
insert into account_tags (account_id, tag_id) values (54, 7);
insert into account_tags (account_id, tag_id) values (10, 39);
insert into account_tags (account_id, tag_id) values (77, 47);
insert into account_tags (account_id, tag_id) values (31, 30);
insert into account_tags (account_id, tag_id) values (20, 27);
insert into account_tags (account_id, tag_id) values (86, 41);
insert into account_tags (account_id, tag_id) values (50, 38);
insert into account_tags (account_id, tag_id) values (84, 40);
insert into account_tags (account_id, tag_id) values (13, 4);
insert into account_tags (account_id, tag_id) values (20, 32);
insert into account_tags (account_id, tag_id) values (16, 30);
insert into account_tags (account_id, tag_id) values (60, 40);
insert into account_tags (account_id, tag_id) values (53, 30);
insert into account_tags (account_id, tag_id) values (71, 17);
insert into account_tags (account_id, tag_id) values (54, 45);
insert into account_tags (account_id, tag_id) values (9, 2);
insert into account_tags (account_id, tag_id) values (8, 24);
insert into account_tags (account_id, tag_id) values (79, 1);
insert into account_tags (account_id, tag_id) values (80, 30);
insert into account_tags (account_id, tag_id) values (55, 42);
insert into account_tags (account_id, tag_id) values (5, 12);
insert into account_tags (account_id, tag_id) values (3, 13);
insert into account_tags (account_id, tag_id) values (87, 33);
insert into account_tags (account_id, tag_id) values (81, 12);
insert into account_tags (account_id, tag_id) values (51, 30);
insert into account_tags (account_id, tag_id) values (92, 26);
insert into account_tags (account_id, tag_id) values (59, 10);
insert into account_tags (account_id, tag_id) values (17, 19);
insert into account_tags (account_id, tag_id) values (53, 43);
insert into account_tags (account_id, tag_id) values (58, 9);
insert into account_tags (account_id, tag_id) values (47, 16);
insert into account_tags (account_id, tag_id) values (22, 13);
insert into account_tags (account_id, tag_id) values (9, 14);
insert into account_tags (account_id, tag_id) values (63, 48);
insert into account_tags (account_id, tag_id) values (58, 40);
insert into account_tags (account_id, tag_id) values (70, 33);
insert into account_tags (account_id, tag_id) values (69, 45);
insert into account_tags (account_id, tag_id) values (21, 14);
insert into account_tags (account_id, tag_id) values (26, 20);
insert into account_tags (account_id, tag_id) values (12, 27);
insert into account_tags (account_id, tag_id) values (5, 40);
insert into account_tags (account_id, tag_id) values (8, 4);
insert into account_tags (account_id, tag_id) values (47, 42);
insert into account_tags (account_id, tag_id) values (32, 6);
insert into account_tags (account_id, tag_id) values (22, 17);
insert into account_tags (account_id, tag_id) values (80, 13);
insert into account_tags (account_id, tag_id) values (26, 38);
insert into account_tags (account_id, tag_id) values (19, 9);
insert into account_tags (account_id, tag_id) values (21, 11);
insert into account_tags (account_id, tag_id) values (94, 27);
insert into account_tags (account_id, tag_id) values (41, 49);
insert into account_tags (account_id, tag_id) values (7, 41);
insert into account_tags (account_id, tag_id) values (63, 5);
insert into account_tags (account_id, tag_id) values (55, 3);
insert into account_tags (account_id, tag_id) values (55, 21);
insert into account_tags (account_id, tag_id) values (16, 28);
insert into account_tags (account_id, tag_id) values (62, 26);
insert into account_tags (account_id, tag_id) values (45, 48);
insert into account_tags (account_id, tag_id) values (97, 20);
insert into account_tags (account_id, tag_id) values (49, 47);
insert into account_tags (account_id, tag_id) values (24, 45);
insert into account_tags (account_id, tag_id) values (48, 43);
insert into account_tags (account_id, tag_id) values (97, 41);
insert into account_tags (account_id, tag_id) values (12, 4);
insert into account_tags (account_id, tag_id) values (5, 45);
insert into account_tags (account_id, tag_id) values (70, 26);
insert into account_tags (account_id, tag_id) values (46, 48);
insert into account_tags (account_id, tag_id) values (14, 29);
insert into account_tags (account_id, tag_id) values (75, 22);
insert into account_tags (account_id, tag_id) values (67, 23);
insert into account_tags (account_id, tag_id) values (93, 31);
insert into account_tags (account_id, tag_id) values (78, 49);
insert into account_tags (account_id, tag_id) values (50, 49);
insert into account_tags (account_id, tag_id) values (15, 33);
insert into account_tags (account_id, tag_id) values (46, 3);
insert into account_tags (account_id, tag_id) values (17, 35);
insert into account_tags (account_id, tag_id) values (38, 41);
insert into account_tags (account_id, tag_id) values (24, 6);
insert into account_tags (account_id, tag_id) values (33, 37);
insert into account_tags (account_id, tag_id) values (16, 16);
insert into account_tags (account_id, tag_id) values (11, 11);
insert into account_tags (account_id, tag_id) values (48, 43);
insert into account_tags (account_id, tag_id) values (69, 1);
insert into account_tags (account_id, tag_id) values (10, 3);
insert into account_tags (account_id, tag_id) values (10, 43);
insert into account_tags (account_id, tag_id) values (15, 4);
insert into account_tags (account_id, tag_id) values (37, 5);
insert into account_tags (account_id, tag_id) values (90, 12);
insert into account_tags (account_id, tag_id) values (82, 31);
insert into account_tags (account_id, tag_id) values (28, 6);
insert into account_tags (account_id, tag_id) values (6, 10);
insert into account_tags (account_id, tag_id) values (55, 22);
insert into account_tags (account_id, tag_id) values (74, 36);
insert into account_tags (account_id, tag_id) values (44, 19);
insert into account_tags (account_id, tag_id) values (89, 11);
insert into account_tags (account_id, tag_id) values (17, 6);
insert into account_tags (account_id, tag_id) values (82, 3);
insert into account_tags (account_id, tag_id) values (53, 16);
insert into account_tags (account_id, tag_id) values (26, 34);
insert into account_tags (account_id, tag_id) values (74, 51);
insert into account_tags (account_id, tag_id) values (42, 39);
insert into account_tags (account_id, tag_id) values (47, 6);
insert into account_tags (account_id, tag_id) values (55, 7);
insert into account_tags (account_id, tag_id) values (2, 46);
insert into account_tags (account_id, tag_id) values (2, 46);
insert into account_tags (account_id, tag_id) values (38, 3);
insert into account_tags (account_id, tag_id) values (82, 2);
insert into account_tags (account_id, tag_id) values (33, 51);
insert into account_tags (account_id, tag_id) values (57, 35);
insert into account_tags (account_id, tag_id) values (37, 28);
insert into account_tags (account_id, tag_id) values (57, 32);
insert into account_tags (account_id, tag_id) values (49, 18);
insert into account_tags (account_id, tag_id) values (29, 14);
insert into account_tags (account_id, tag_id) values (35, 46);
insert into account_tags (account_id, tag_id) values (61, 38);
insert into account_tags (account_id, tag_id) values (73, 20);
insert into account_tags (account_id, tag_id) values (87, 20);
insert into account_tags (account_id, tag_id) values (20, 14);
insert into account_tags (account_id, tag_id) values (24, 29);
insert into account_tags (account_id, tag_id) values (99, 8);
insert into account_tags (account_id, tag_id) values (70, 39);
insert into account_tags (account_id, tag_id) values (30, 34);
insert into account_tags (account_id, tag_id) values (76, 1);
insert into account_tags (account_id, tag_id) values (76, 44);
insert into account_tags (account_id, tag_id) values (9, 24);
insert into account_tags (account_id, tag_id) values (68, 34);
insert into account_tags (account_id, tag_id) values (6, 30);
insert into account_tags (account_id, tag_id) values (2, 46);
insert into account_tags (account_id, tag_id) values (21, 51);
insert into account_tags (account_id, tag_id) values (91, 8);
insert into account_tags (account_id, tag_id) values (95, 46);
insert into account_tags (account_id, tag_id) values (73, 19);



insert into posts (id, date, image_path, payload, sound_path, video_path, account_id) values (1, '08/25/2021', 'http://dummyimage.com/199x100.png/ff4444/ffffff', 'Total national orchestration', null, null, 1);
insert into posts (id, date, image_path, payload, sound_path, video_path, account_id) values (2, '02/06/2021', 'http://dummyimage.com/184x100.png/cc0000/ffffff', 'Implemented leading edge artificial intelligence', null, null, 2);
insert into posts (id, date, image_path, payload, sound_path, video_path, account_id) values (3, '07/06/2021', 'http://dummyimage.com/175x100.png/ff4444/ffffff', 'Organized coherent core', null, null, 3);
insert into posts (id, date, image_path, payload, sound_path, video_path, account_id) values (4, '10/16/2020', 'http://dummyimage.com/169x100.png/cc0000/ffffff', 'Front-line human-resource firmware', null, null, 4);
insert into posts (id, date, image_path, payload, sound_path, video_path, account_id) values (5, '10/31/2020', 'http://dummyimage.com/140x100.png/5fa2dd/ffffff', 'Extended intermediate standardization', null, null, 5);
insert into posts (id, date, image_path, payload, sound_path, video_path, account_id) values (6, '09/23/2021', 'http://dummyimage.com/223x100.png/5fa2dd/ffffff', 'Secured web-enabled analyzer', null, null, 6);
insert into posts (id, date, image_path, payload, sound_path, video_path, account_id) values (7, '01/29/2021', 'http://dummyimage.com/184x100.png/ff4444/ffffff', 'Decentralized homogeneous toolset', null, null, 7);
insert into posts (id, date, image_path, payload, sound_path, video_path, account_id) values (8, '10/25/2020', 'http://dummyimage.com/216x100.png/ff4444/ffffff', 'Self-enabling user-facing database', null, null, 8);
insert into posts (id, date, image_path, payload, sound_path, video_path, account_id) values (9, '03/09/2021', 'http://dummyimage.com/180x100.png/5fa2dd/ffffff', 'Distributed local system engine', null, null, 9);
insert into posts (id, date, image_path, payload, sound_path, video_path, account_id) values (10, '06/14/2021', 'http://dummyimage.com/209x100.png/ff4444/ffffff', 'Distributed foreground model', null, null, 10);
insert into posts (id, date, image_path, payload, sound_path, video_path, account_id) values (11, '11/24/2020', 'http://dummyimage.com/145x100.png/cc0000/ffffff', 'Secured 3rd generation definition', null, null, 11);
insert into posts (id, date, image_path, payload, sound_path, video_path, account_id) values (12, '02/14/2021', 'http://dummyimage.com/245x100.png/ff4444/ffffff', 'User-friendly client-server function', null, null, 12);
insert into posts (id, date, image_path, payload, sound_path, video_path, account_id) values (13, '04/28/2021', 'http://dummyimage.com/103x100.png/ff4444/ffffff', 'Enterprise-wide mission-critical knowledge user', null, null, 13);
insert into posts (id, date, image_path, payload, sound_path, video_path, account_id) values (14, '07/06/2021', 'http://dummyimage.com/105x100.png/ff4444/ffffff', 'Customer-focused 24/7 software', null, null, 14);
insert into posts (id, date, image_path, payload, sound_path, video_path, account_id) values (15, '09/13/2021', 'http://dummyimage.com/122x100.png/dddddd/000000', 'User-centric background local area network', null, null, 15);
insert into posts (id, date, image_path, payload, sound_path, video_path, account_id) values (16, '06/30/2021', 'http://dummyimage.com/180x100.png/cc0000/ffffff', 'Fundamental client-server capability', null, null, 16);
insert into posts (id, date, image_path, payload, sound_path, video_path, account_id) values (17, '11/23/2020', 'http://dummyimage.com/187x100.png/dddddd/000000', 'Multi-lateral hybrid neural-net', null, null, 17);
insert into posts (id, date, image_path, payload, sound_path, video_path, account_id) values (18, '04/28/2021', 'http://dummyimage.com/206x100.png/cc0000/ffffff', 'Extended explicit benchmark', null, null, 18);
insert into posts (id, date, image_path, payload, sound_path, video_path, account_id) values (19, '07/14/2021', 'http://dummyimage.com/206x100.png/dddddd/000000', 'Front-line intangible adapter', null, null, 19);
insert into posts (id, date, image_path, payload, sound_path, video_path, account_id) values (20, '06/05/2021', 'http://dummyimage.com/207x100.png/ff4444/ffffff', 'Open-source exuding local area network', null, null, 20);
insert into posts (id, date, image_path, payload, sound_path, video_path, account_id) values (21, '06/11/2021', 'http://dummyimage.com/102x100.png/cc0000/ffffff', 'Robust didactic info-mediaries', null, null, 21);
insert into posts (id, date, image_path, payload, sound_path, video_path, account_id) values (22, '01/07/2021', 'http://dummyimage.com/248x100.png/cc0000/ffffff', 'Face to face bi-directional superstructure', null, null, 22);
insert into posts (id, date, image_path, payload, sound_path, video_path, account_id) values (23, '05/13/2021', 'http://dummyimage.com/182x100.png/dddddd/000000', 'Phased upward-trending forecast', null, null, 23);
insert into posts (id, date, image_path, payload, sound_path, video_path, account_id) values (24, '04/16/2021', 'http://dummyimage.com/229x100.png/cc0000/ffffff', 'De-engineered contextually-based neural-net', null, null, 24);
insert into posts (id, date, image_path, payload, sound_path, video_path, account_id) values (25, '12/05/2020', 'http://dummyimage.com/238x100.png/5fa2dd/ffffff', 'User-centric executive complexity', null, null, 25);
insert into posts (id, date, image_path, payload, sound_path, video_path, account_id) values (26, '02/09/2021', 'http://dummyimage.com/215x100.png/ff4444/ffffff', 'Automated asymmetric artificial intelligence', null, null, 26);
insert into posts (id, date, image_path, payload, sound_path, video_path, account_id) values (27, '12/25/2020', 'http://dummyimage.com/117x100.png/ff4444/ffffff', 'Inverse zero administration implementation', null, null, 27);
insert into posts (id, date, image_path, payload, sound_path, video_path, account_id) values (28, '05/15/2021', 'http://dummyimage.com/147x100.png/dddddd/000000', 'Intuitive solution-oriented contingency', null, null, 28);
insert into posts (id, date, image_path, payload, sound_path, video_path, account_id) values (29, '09/10/2021', 'http://dummyimage.com/123x100.png/5fa2dd/ffffff', 'Self-enabling executive contingency', null, null, 29);
insert into posts (id, date, image_path, payload, sound_path, video_path, account_id) values (30, '02/10/2021', 'http://dummyimage.com/238x100.png/cc0000/ffffff', 'Decentralized 24 hour knowledge base', null, null, 30);
insert into posts (id, date, image_path, payload, sound_path, video_path, account_id) values (31, '03/23/2021', 'http://dummyimage.com/137x100.png/ff4444/ffffff', 'Object-based interactive instruction set', null, null, 31);
insert into posts (id, date, image_path, payload, sound_path, video_path, account_id) values (32, '02/02/2021', 'http://dummyimage.com/128x100.png/cc0000/ffffff', 'Configurable incremental moratorium', null, null, 32);
insert into posts (id, date, image_path, payload, sound_path, video_path, account_id) values (33, '07/31/2021', 'http://dummyimage.com/192x100.png/5fa2dd/ffffff', 'Optimized composite toolset', null, null, 33);
insert into posts (id, date, image_path, payload, sound_path, video_path, account_id) values (34, '10/05/2020', 'http://dummyimage.com/160x100.png/ff4444/ffffff', 'Sharable attitude-oriented initiative', null, null, 34);
insert into posts (id, date, image_path, payload, sound_path, video_path, account_id) values (35, '04/13/2021', 'http://dummyimage.com/175x100.png/5fa2dd/ffffff', 'Cross-group impactful intranet', null, null, 35);
insert into posts (id, date, image_path, payload, sound_path, video_path, account_id) values (36, '06/18/2021', 'http://dummyimage.com/217x100.png/cc0000/ffffff', 'Enterprise-wide interactive encryption', null, null, 36);
insert into posts (id, date, image_path, payload, sound_path, video_path, account_id) values (37, '01/27/2021', 'http://dummyimage.com/192x100.png/cc0000/ffffff', 'Organized impactful software', null, null, 37);
insert into posts (id, date, image_path, payload, sound_path, video_path, account_id) values (38, '07/10/2021', 'http://dummyimage.com/157x100.png/5fa2dd/ffffff', 'Optimized zero administration website', null, null, 38);
insert into posts (id, date, image_path, payload, sound_path, video_path, account_id) values (39, '10/17/2020', 'http://dummyimage.com/227x100.png/ff4444/ffffff', 'Advanced optimal approach', null, null, 39);
insert into posts (id, date, image_path, payload, sound_path, video_path, account_id) values (40, '05/24/2021', 'http://dummyimage.com/146x100.png/dddddd/000000', 'Grass-roots context-sensitive contingency', null, null, 40);
insert into posts (id, date, image_path, payload, sound_path, video_path, account_id) values (41, '02/08/2021', 'http://dummyimage.com/104x100.png/5fa2dd/ffffff', 'Balanced multimedia standardization', null, null, 41);
insert into posts (id, date, image_path, payload, sound_path, video_path, account_id) values (42, '12/16/2020', 'http://dummyimage.com/165x100.png/cc0000/ffffff', 'Digitized empowering flexibility', null, null, 42);
insert into posts (id, date, image_path, payload, sound_path, video_path, account_id) values (43, '05/09/2021', 'http://dummyimage.com/138x100.png/cc0000/ffffff', 'Function-based analyzing projection', null, null, 43);
insert into posts (id, date, image_path, payload, sound_path, video_path, account_id) values (44, '08/25/2021', 'http://dummyimage.com/190x100.png/cc0000/ffffff', 'Re-engineered demand-driven interface', null, null, 44);
insert into posts (id, date, image_path, payload, sound_path, video_path, account_id) values (45, '02/09/2021', 'http://dummyimage.com/106x100.png/5fa2dd/ffffff', 'Down-sized holistic model', null, null, 45);
insert into posts (id, date, image_path, payload, sound_path, video_path, account_id) values (46, '05/16/2021', 'http://dummyimage.com/118x100.png/cc0000/ffffff', 'Extended maximized budgetary management', null, null, 46);
insert into posts (id, date, image_path, payload, sound_path, video_path, account_id) values (47, '01/05/2021', 'http://dummyimage.com/203x100.png/ff4444/ffffff', 'Open-source radical attitude', null, null, 47);
insert into posts (id, date, image_path, payload, sound_path, video_path, account_id) values (48, '01/04/2021', 'http://dummyimage.com/234x100.png/5fa2dd/ffffff', 'Fully-configurable human-resource middleware', null, null, 48);
insert into posts (id, date, image_path, payload, sound_path, video_path, account_id) values (49, '04/10/2021', 'http://dummyimage.com/209x100.png/ff4444/ffffff', 'Universal national task-force', null, null, 49);
insert into posts (id, date, image_path, payload, sound_path, video_path, account_id) values (50, '07/02/2021', 'http://dummyimage.com/132x100.png/dddddd/000000', 'Reduced uniform utilisation', null, null, 50);
insert into posts (id, date, image_path, payload, sound_path, video_path, account_id) values (51, '08/25/2021', 'http://dummyimage.com/141x100.png/dddddd/000000', 'Distributed static moderator', null, null, 51);
insert into posts (id, date, image_path, payload, sound_path, video_path, account_id) values (52, '12/16/2020', 'http://dummyimage.com/123x100.png/5fa2dd/ffffff', 'Function-based dynamic firmware', null, null, 52);
insert into posts (id, date, image_path, payload, sound_path, video_path, account_id) values (53, '04/20/2021', 'http://dummyimage.com/164x100.png/dddddd/000000', 'Polarised mobile budgetary management', null, null, 53);
insert into posts (id, date, image_path, payload, sound_path, video_path, account_id) values (54, '03/24/2021', 'http://dummyimage.com/215x100.png/ff4444/ffffff', 'Innovative static access', null, null, 54);
insert into posts (id, date, image_path, payload, sound_path, video_path, account_id) values (55, '05/11/2021', 'http://dummyimage.com/205x100.png/ff4444/ffffff', 'Synergized upward-trending extranet', null, null, 55);
insert into posts (id, date, image_path, payload, sound_path, video_path, account_id) values (56, '05/04/2021', 'http://dummyimage.com/169x100.png/dddddd/000000', 'Stand-alone system-worthy implementation', null, null, 56);
insert into posts (id, date, image_path, payload, sound_path, video_path, account_id) values (57, '09/07/2021', 'http://dummyimage.com/215x100.png/cc0000/ffffff', 'Innovative secondary budgetary management', null, null, 57);
insert into posts (id, date, image_path, payload, sound_path, video_path, account_id) values (58, '02/24/2021', 'http://dummyimage.com/194x100.png/dddddd/000000', 'Exclusive disintermediate utilisation', null, null, 58);
insert into posts (id, date, image_path, payload, sound_path, video_path, account_id) values (59, '05/02/2021', 'http://dummyimage.com/140x100.png/dddddd/000000', 'Seamless transitional migration', null, null, 59);
insert into posts (id, date, image_path, payload, sound_path, video_path, account_id) values (60, '08/31/2021', 'http://dummyimage.com/237x100.png/ff4444/ffffff', 'Open-architected clear-thinking ability', null, null, 60);
insert into posts (id, date, image_path, payload, sound_path, video_path, account_id) values (61, '12/09/2020', 'http://dummyimage.com/141x100.png/dddddd/000000', 'User-centric heuristic extranet', null, null, 61);
insert into posts (id, date, image_path, payload, sound_path, video_path, account_id) values (62, '06/09/2021', 'http://dummyimage.com/193x100.png/ff4444/ffffff', 'Ameliorated user-facing paradigm', null, null, 62);
insert into posts (id, date, image_path, payload, sound_path, video_path, account_id) values (63, '06/05/2021', 'http://dummyimage.com/180x100.png/5fa2dd/ffffff', 'Assimilated global conglomeration', null, null, 63);
insert into posts (id, date, image_path, payload, sound_path, video_path, account_id) values (64, '04/29/2021', 'http://dummyimage.com/101x100.png/dddddd/000000', 'Implemented bi-directional process improvement', null, null, 64);
insert into posts (id, date, image_path, payload, sound_path, video_path, account_id) values (65, '11/23/2020', 'http://dummyimage.com/102x100.png/5fa2dd/ffffff', 'Monitored methodical throughput', null, null, 65);
insert into posts (id, date, image_path, payload, sound_path, video_path, account_id) values (66, '04/28/2021', 'http://dummyimage.com/113x100.png/dddddd/000000', 'Reduced human-resource task-force', null, null, 66);
insert into posts (id, date, image_path, payload, sound_path, video_path, account_id) values (67, '04/02/2021', 'http://dummyimage.com/186x100.png/cc0000/ffffff', 'Open-source dedicated methodology', null, null, 67);
insert into posts (id, date, image_path, payload, sound_path, video_path, account_id) values (68, '03/07/2021', 'http://dummyimage.com/170x100.png/dddddd/000000', 'Fundamental multi-tasking knowledge base', null, null, 68);
insert into posts (id, date, image_path, payload, sound_path, video_path, account_id) values (69, '01/05/2021', 'http://dummyimage.com/135x100.png/dddddd/000000', 'Advanced zero administration support', null, null, 69);
insert into posts (id, date, image_path, payload, sound_path, video_path, account_id) values (70, '10/28/2020', 'http://dummyimage.com/104x100.png/ff4444/ffffff', 'De-engineered attitude-oriented archive', null, null, 70);
insert into posts (id, date, image_path, payload, sound_path, video_path, account_id) values (71, '09/08/2021', 'http://dummyimage.com/195x100.png/ff4444/ffffff', 'Configurable neutral internet solution', null, null, 71);
insert into posts (id, date, image_path, payload, sound_path, video_path, account_id) values (72, '08/07/2021', 'http://dummyimage.com/169x100.png/ff4444/ffffff', 'Compatible demand-driven strategy', null, null, 72);
insert into posts (id, date, image_path, payload, sound_path, video_path, account_id) values (73, '12/19/2020', 'http://dummyimage.com/174x100.png/ff4444/ffffff', 'Stand-alone solution-oriented software', null, null, 73);
insert into posts (id, date, image_path, payload, sound_path, video_path, account_id) values (74, '04/14/2021', 'http://dummyimage.com/173x100.png/ff4444/ffffff', 'Intuitive local function', null, null, 74);
insert into posts (id, date, image_path, payload, sound_path, video_path, account_id) values (75, '11/27/2020', 'http://dummyimage.com/145x100.png/5fa2dd/ffffff', 'Enterprise-wide 24 hour focus group', null, null, 75);
insert into posts (id, date, image_path, payload, sound_path, video_path, account_id) values (76, '09/14/2021', 'http://dummyimage.com/140x100.png/cc0000/ffffff', 'Reactive maximized knowledge base', null, null, 76);
insert into posts (id, date, image_path, payload, sound_path, video_path, account_id) values (77, '09/29/2020', 'http://dummyimage.com/128x100.png/cc0000/ffffff', 'Versatile motivating matrix', null, null, 77);
insert into posts (id, date, image_path, payload, sound_path, video_path, account_id) values (78, '07/31/2021', 'http://dummyimage.com/166x100.png/5fa2dd/ffffff', 'Centralized solution-oriented instruction set', null, null, 78);
insert into posts (id, date, image_path, payload, sound_path, video_path, account_id) values (79, '06/13/2021', 'http://dummyimage.com/162x100.png/ff4444/ffffff', 'Enterprise-wide exuding interface', null, null, 79);
insert into posts (id, date, image_path, payload, sound_path, video_path, account_id) values (80, '10/29/2020', 'http://dummyimage.com/126x100.png/dddddd/000000', 'Synergistic 5th generation portal', null, null, 80);
insert into posts (id, date, image_path, payload, sound_path, video_path, account_id) values (81, '12/13/2020', 'http://dummyimage.com/156x100.png/cc0000/ffffff', 'Public-key neutral product', null, null, 81);
insert into posts (id, date, image_path, payload, sound_path, video_path, account_id) values (82, '10/16/2020', 'http://dummyimage.com/108x100.png/dddddd/000000', 'Cross-platform grid-enabled framework', null, null, 82);
insert into posts (id, date, image_path, payload, sound_path, video_path, account_id) values (83, '02/11/2021', 'http://dummyimage.com/127x100.png/5fa2dd/ffffff', 'Open-architected didactic complexity', null, null, 83);
insert into posts (id, date, image_path, payload, sound_path, video_path, account_id) values (84, '11/29/2020', 'http://dummyimage.com/165x100.png/dddddd/000000', 'Advanced scalable budgetary management', null, null, 84);
insert into posts (id, date, image_path, payload, sound_path, video_path, account_id) values (85, '12/10/2020', 'http://dummyimage.com/211x100.png/ff4444/ffffff', 'Multi-layered intermediate contingency', null, null, 85);
insert into posts (id, date, image_path, payload, sound_path, video_path, account_id) values (86, '10/18/2020', 'http://dummyimage.com/194x100.png/ff4444/ffffff', 'Profit-focused maximized toolset', null, null, 86);
insert into posts (id, date, image_path, payload, sound_path, video_path, account_id) values (87, '12/28/2020', 'http://dummyimage.com/171x100.png/dddddd/000000', 'Multi-tiered cohesive policy', null, null, 87);
insert into posts (id, date, image_path, payload, sound_path, video_path, account_id) values (88, '02/15/2021', 'http://dummyimage.com/172x100.png/cc0000/ffffff', 'Advanced 3rd generation attitude', null, null, 88);
insert into posts (id, date, image_path, payload, sound_path, video_path, account_id) values (89, '10/13/2020', 'http://dummyimage.com/208x100.png/cc0000/ffffff', 'Re-engineered intangible contingency', null, null, 89);
insert into posts (id, date, image_path, payload, sound_path, video_path, account_id) values (90, '10/12/2020', 'http://dummyimage.com/227x100.png/5fa2dd/ffffff', 'Monitored coherent matrices', null, null, 90);
insert into posts (id, date, image_path, payload, sound_path, video_path, account_id) values (91, '06/25/2021', 'http://dummyimage.com/210x100.png/5fa2dd/ffffff', 'Ergonomic optimal alliance', null, null, 91);
insert into posts (id, date, image_path, payload, sound_path, video_path, account_id) values (92, '12/26/2020', 'http://dummyimage.com/133x100.png/dddddd/000000', 'Networked bottom-line local area network', null, null, 92);
insert into posts (id, date, image_path, payload, sound_path, video_path, account_id) values (93, '12/31/2020', 'http://dummyimage.com/137x100.png/cc0000/ffffff', 'Seamless composite knowledge base', null, null, 93);
insert into posts (id, date, image_path, payload, sound_path, video_path, account_id) values (94, '01/23/2021', 'http://dummyimage.com/245x100.png/cc0000/ffffff', 'Monitored mission-critical structure', null, null, 94);
insert into posts (id, date, image_path, payload, sound_path, video_path, account_id) values (95, '12/27/2020', 'http://dummyimage.com/155x100.png/dddddd/000000', 'Inverse user-facing customer loyalty', null, null, 95);
insert into posts (id, date, image_path, payload, sound_path, video_path, account_id) values (96, '06/23/2021', 'http://dummyimage.com/247x100.png/5fa2dd/ffffff', 'Innovative grid-enabled ability', null, null, 96);
insert into posts (id, date, image_path, payload, sound_path, video_path, account_id) values (97, '02/04/2021', 'http://dummyimage.com/109x100.png/dddddd/000000', 'Realigned multi-tasking hub', null, null, 97);
insert into posts (id, date, image_path, payload, sound_path, video_path, account_id) values (98, '07/20/2021', 'http://dummyimage.com/135x100.png/5fa2dd/ffffff', 'Organic fault-tolerant solution', null, null, 98);
insert into posts (id, date, image_path, payload, sound_path, video_path, account_id) values (99, '05/26/2021', 'http://dummyimage.com/214x100.png/cc0000/ffffff', 'Pre-emptive neutral throughput', null, null, 99);
insert into posts (id, date, image_path, payload, sound_path, video_path, account_id) values (100, '03/13/2021', 'http://dummyimage.com/177x100.png/ff4444/ffffff', 'Reactive scalable budgetary management', null, null, 100);


insert into post_views (id, times, post_id, viewer_id) select  1, 14, id , 100 from posts where account_id in (select account1_id from network where account2_id = 100) or account_id in (select account2_id from network where account1_id = 100) limit 1;
insert into post_views (id, times, post_id, viewer_id) select  2, 10, id , 2 from posts where account_id in (select account1_id from network where account2_id = 2) or account_id in (select account2_id from network where account1_id = 2) limit 1;
insert into post_views (id, times, post_id, viewer_id) select  3, 6, id , 3 from posts where account_id in (select account1_id from network where account2_id = 3) or account_id in (select account2_id from network where account1_id = 3) limit 1;
insert into post_views (id, times, post_id, viewer_id) select  4, 10, id , 4 from posts where account_id in (select account1_id from network where account2_id = 4) or account_id in (select account2_id from network where account1_id = 4) limit 1;
insert into post_views (id, times, post_id, viewer_id) select  5, 8, id , 5 from posts where account_id in (select account1_id from network where account2_id = 5) or account_id in (select account2_id from network where account1_id = 5) limit 1;
insert into post_views (id, times, post_id, viewer_id) select  6, 17, id , 6 from posts where account_id in (select account1_id from network where account2_id = 6) or account_id in (select account2_id from network where account1_id = 6) limit 1;
insert into post_views (id, times, post_id, viewer_id) select  7, 17, id , 7 from posts where account_id in (select account1_id from network where account2_id = 7) or account_id in (select account2_id from network where account1_id = 7) limit 1;
insert into post_views (id, times, post_id, viewer_id) select  8, 14, id , 8 from posts where account_id in (select account1_id from network where account2_id = 8) or account_id in (select account2_id from network where account1_id = 8) limit 1;
insert into post_views (id, times, post_id, viewer_id) select  9, 23, id , 9 from posts where account_id in (select account1_id from network where account2_id = 9) or account_id in (select account2_id from network where account1_id = 9) limit 1;
insert into post_views (id, times, post_id, viewer_id) select  10, 13, id , 10 from posts where account_id in (select account1_id from network where account2_id = 10) or account_id in (select account2_id from network where account1_id = 10) limit 1;
insert into post_views (id, times, post_id, viewer_id) select  11, 24, id , 11 from posts where account_id in (select account1_id from network where account2_id = 11) or account_id in (select account2_id from network where account1_id = 11) limit 1;
insert into post_views (id, times, post_id, viewer_id) select  12, 19, id , 12 from posts where account_id in (select account1_id from network where account2_id = 12) or account_id in (select account2_id from network where account1_id = 12) limit 1;
insert into post_views (id, times, post_id, viewer_id) select  13, 2, id , 13 from posts where account_id in (select account1_id from network where account2_id = 13) or account_id in (select account2_id from network where account1_id = 13) limit 1;
insert into post_views (id, times, post_id, viewer_id) select  14, 20, id , 14 from posts where account_id in (select account1_id from network where account2_id = 14) or account_id in (select account2_id from network where account1_id = 14) limit 1;
insert into post_views (id, times, post_id, viewer_id) select  15, 21, id , 15 from posts where account_id in (select account1_id from network where account2_id = 15) or account_id in (select account2_id from network where account1_id = 15) limit 1;
insert into post_views (id, times, post_id, viewer_id) select  16, 15, id , 16 from posts where account_id in (select account1_id from network where account2_id = 16) or account_id in (select account2_id from network where account1_id = 16) limit 1;
insert into post_views (id, times, post_id, viewer_id) select  17, 13, id , 17 from posts where account_id in (select account1_id from network where account2_id = 17) or account_id in (select account2_id from network where account1_id = 17) limit 1;
insert into post_views (id, times, post_id, viewer_id) select  18, 15, id , 18 from posts where account_id in (select account1_id from network where account2_id = 18) or account_id in (select account2_id from network where account1_id = 18) limit 1;
insert into post_views (id, times, post_id, viewer_id) select  19, 14, id , 19 from posts where account_id in (select account1_id from network where account2_id = 19) or account_id in (select account2_id from network where account1_id = 19) limit 1;
insert into post_views (id, times, post_id, viewer_id) select  20, 7, id , 20 from posts where account_id in (select account1_id from network where account2_id = 20) or account_id in (select account2_id from network where account1_id = 20) limit 1;
insert into post_views (id, times, post_id, viewer_id) select  21, 5, id , 21 from posts where account_id in (select account1_id from network where account2_id = 21) or account_id in (select account2_id from network where account1_id = 21) limit 1;
insert into post_views (id, times, post_id, viewer_id) select  22, 13, id , 22 from posts where account_id in (select account1_id from network where account2_id = 22) or account_id in (select account2_id from network where account1_id = 22) limit 1;
insert into post_views (id, times, post_id, viewer_id) select  23, 12, id , 23 from posts where account_id in (select account1_id from network where account2_id = 23) or account_id in (select account2_id from network where account1_id = 23) limit 1;
insert into post_views (id, times, post_id, viewer_id) select  24, 19, id , 24 from posts where account_id in (select account1_id from network where account2_id = 24) or account_id in (select account2_id from network where account1_id = 24) limit 1;
insert into post_views (id, times, post_id, viewer_id) select  25, 7, id , 25 from posts where account_id in (select account1_id from network where account2_id = 25) or account_id in (select account2_id from network where account1_id = 25) limit 1;
insert into post_views (id, times, post_id, viewer_id) select  26, 24, id , 26 from posts where account_id in (select account1_id from network where account2_id = 26) or account_id in (select account2_id from network where account1_id = 26) limit 1;
insert into post_views (id, times, post_id, viewer_id) select  27, 11, id , 27 from posts where account_id in (select account1_id from network where account2_id = 27) or account_id in (select account2_id from network where account1_id = 27) limit 1;
insert into post_views (id, times, post_id, viewer_id) select  28, 1, id , 28 from posts where account_id in (select account1_id from network where account2_id = 28) or account_id in (select account2_id from network where account1_id = 28) limit 1;
insert into post_views (id, times, post_id, viewer_id) select  29, 22, id , 29 from posts where account_id in (select account1_id from network where account2_id = 29) or account_id in (select account2_id from network where account1_id = 29) limit 1;
insert into post_views (id, times, post_id, viewer_id) select  30, 6, id , 30 from posts where account_id in (select account1_id from network where account2_id = 30) or account_id in (select account2_id from network where account1_id = 30) limit 1;
insert into post_views (id, times, post_id, viewer_id) select  31, 7, id , 31 from posts where account_id in (select account1_id from network where account2_id = 31) or account_id in (select account2_id from network where account1_id = 31) limit 1;
insert into post_views (id, times, post_id, viewer_id) select  32, 24, id , 32 from posts where account_id in (select account1_id from network where account2_id = 32) or account_id in (select account2_id from network where account1_id = 32) limit 1;
insert into post_views (id, times, post_id, viewer_id) select  33, 6, id , 33 from posts where account_id in (select account1_id from network where account2_id = 33) or account_id in (select account2_id from network where account1_id = 33) limit 1;
insert into post_views (id, times, post_id, viewer_id) select  34, 1, id , 34 from posts where account_id in (select account1_id from network where account2_id = 34) or account_id in (select account2_id from network where account1_id = 34) limit 1;
insert into post_views (id, times, post_id, viewer_id) select  35, 17, id , 35 from posts where account_id in (select account1_id from network where account2_id = 35) or account_id in (select account2_id from network where account1_id = 35) limit 1;
insert into post_views (id, times, post_id, viewer_id) select  36, 11, id , 36 from posts where account_id in (select account1_id from network where account2_id = 36) or account_id in (select account2_id from network where account1_id = 36) limit 1;
insert into post_views (id, times, post_id, viewer_id) select  37, 7, id , 37 from posts where account_id in (select account1_id from network where account2_id = 37) or account_id in (select account2_id from network where account1_id = 37) limit 1;
insert into post_views (id, times, post_id, viewer_id) select  38, 16, id , 38 from posts where account_id in (select account1_id from network where account2_id = 38) or account_id in (select account2_id from network where account1_id = 38) limit 1;
insert into post_views (id, times, post_id, viewer_id) select  39, 17, id , 39 from posts where account_id in (select account1_id from network where account2_id = 39) or account_idin (select account2_id from network where account1_id = 39) limit 1;
insert into post_views (id, times, post_id, viewer_id) select  40, 18, id , 40 from posts where account_id in (select account1_id from network where account2_id = 40) or account_id in (select account2_id from network where account1_id = 40) limit 1;
insert into post_views (id, times, post_id, viewer_id) select  41, 9, id , 41 from posts where account_id in (select account1_id from network where account2_id = 41) or account_id in (select account2_id from network where account1_id = 41) limit 1;
insert into post_views (id, times, post_id, viewer_id) select  42, 16, id , 42 from posts where account_id in (select account1_id from network where account2_id = 42) or account_id in (select account2_id from network where account1_id = 42) limit 1;
insert into post_views (id, times, post_id, viewer_id) select  43, 3, id , 43 from posts where account_id in (select account1_id from network where account2_id = 43) or account_id in (select account2_id from network where account1_id = 43) limit 1;
insert into post_views (id, times, post_id, viewer_id) select  44, 18, id , 44 from posts where account_id in (select account1_id from network where account2_id = 44) or account_id in (select account2_id from network where account1_id = 44) limit 1;
insert into post_views (id, times, post_id, viewer_id) select  45, 12, id , 45 from posts where account_id in (select account1_id from network where account2_id = 45) or account_id in (select account2_id from network where account1_id = 45) limit 1;
insert into post_views (id, times, post_id, viewer_id) select  46, 5, id , 46 from posts where account_id in (select account1_id from network where account2_id = 46) or account_id in (select account2_id from network where account1_id = 46) limit 1;
insert into post_views (id, times, post_id, viewer_id) select  47, 16, id , 47 from posts where account_id in (select account1_id from network where account2_id = 47) or account_id in (select account2_id from network where account1_id = 47) limit 1;
insert into post_views (id, times, post_id, viewer_id) select  48, 4, id , 48 from posts where account_id in (select account1_id from network where account2_id = 48) or account_id in (select account2_id from network where account1_id = 48) limit 1;
insert into post_views (id, times, post_id, viewer_id) select  49, 16, id , 49 from posts where account_id in (select account1_id from network where account2_id = 49) or account_id in (select account2_id from network where account1_id = 49) limit 1;
insert into post_views (id, times, post_id, viewer_id) select  50, 23, id , 50 from posts where account_id in (select account1_id from network where account2_id = 50) or account_id in (select account2_id from network where account1_id = 50) limit 1;
insert into post_views (id, times, post_id, viewer_id) select  51, 14, id , 51 from posts where account_id in (select account1_id from network where account2_id = 51) or account_id in (select account2_id from network where account1_id = 51) limit 1;
insert into post_views (id, times, post_id, viewer_id) select  52, 9, id , 52 from posts where account_id in (select account1_id from network where account2_id = 52) or account_id in (select account2_id from network where account1_id = 52) limit 1;
insert into post_views (id, times, post_id, viewer_id) select  53, 18, id , 53 from posts where account_id in (select account1_id from network where account2_id = 53) or account_id in (select account2_id from network where account1_id = 53) limit 1;
insert into post_views (id, times, post_id, viewer_id) select  54, 11, id , 54 from posts where account_id in (select account1_id from network where account2_id = 54) or account_id in (select account2_id from network where account1_id = 54) limit 1;
insert into post_views (id, times, post_id, viewer_id) select  55, 2, id , 55 from posts where account_id in (select account1_id from network where account2_id = 55) or account_id in (select account2_id from network where account1_id = 55) limit 1;
insert into post_views (id, times, post_id, viewer_id) select  56, 3, id , 56 from posts where account_id in (select account1_id from network where account2_id = 56) or account_id in (select account2_id from network where account1_id = 56) limit 1;
insert into post_views (id, times, post_id, viewer_id) select  57, 6, id , 57 from posts where account_id in (select account1_id from network where account2_id = 57) or account_id in (select account2_id from network where account1_id = 57) limit 1;
insert into post_views (id, times, post_id, viewer_id) select  58, 24, id , 58 from posts where account_id in (select account1_id from network where account2_id = 58) or account_id in (select account2_id from network where account1_id = 58) limit 1;
insert into post_views (id, times, post_id, viewer_id) select  59, 20, id , 59 from posts where account_id in (select account1_id from network where account2_id = 59) or account_id in (select account2_id from network where account1_id = 59) limit 1;
insert into post_views (id, times, post_id, viewer_id) select  60, 4, id , 60 from posts where account_id in (select account1_id from network where account2_id = 60) or account_id in (select account2_id from network where account1_id = 60) limit 1;
insert into post_views (id, times, post_id, viewer_id) select  61, 6, id , 61 from posts where account_id in (select account1_id from network where account2_id = 61) or account_id in (select account2_id from network where account1_id = 61) limit 1;
insert into post_views (id, times, post_id, viewer_id) select  62, 10, id , 62 from posts where account_id in (select account1_id from network where account2_id = 62) or account_id in (select account2_id from network where account1_id = 62) limit 1;
insert into post_views (id, times, post_id, viewer_id) select  63, 2, id , 63 from posts where account_id in (select account1_id from network where account2_id = 63) or account_id in (select account2_id from network where account1_id = 63) limit 1;
insert into post_views (id, times, post_id, viewer_id) select  64, 17, id , 64 from posts where account_id in (select account1_id from network where account2_id = 64) or account_id in (select account2_id from network where account1_id = 64) limit 1;
insert into post_views (id, times, post_id, viewer_id) select  65, 15, id , 65 from posts where account_id in (select account1_id from network where account2_id = 65) or account_id in (select account2_id from network where account1_id = 65) limit 1;
insert into post_views (id, times, post_id, viewer_id) select  66, 19, id , 66 from posts where account_id in (select account1_id from network where account2_id = 66) or account_id in (select account2_id from network where account1_id = 66) limit 1;
insert into post_views (id, times, post_id, viewer_id) select  67, 21, id , 67 from posts where account_id in (select account1_id from network where account2_id = 67) or account_id in (select account2_id from network where account1_id = 67) limit 1;
insert into post_views (id, times, post_id, viewer_id) select  68, 12, id , 68 from posts where account_id in (select account1_id from network where account2_id = 68) or account_id in (select account2_id from network where account1_id = 68) limit 1;
insert into post_views (id, times, post_id, viewer_id) select  69, 7, id , 69 from posts where account_id in (select account1_id from network where account2_id = 69) or account_id in (select account2_id from network where account1_id = 69) limit 1;
insert into post_views (id, times, post_id, viewer_id) select  70, 16, id , 70 from posts where account_id in (select account1_id from network where account2_id = 70) or account_id in (select account2_id from network where account1_id = 70) limit 1;
insert into post_views (id, times, post_id, viewer_id) select  71, 14, id , 71 from posts where account_id in (select account1_id from network where account2_id = 71) or account_id in (select account2_id from network where account1_id = 71) limit 1;
insert into post_views (id, times, post_id, viewer_id) select  72, 17, id , 72 from posts where account_id in (select account1_id from network where account2_id = 72) or account_id in (select account2_id from network where account1_id = 72) limit 1;
insert into post_views (id, times, post_id, viewer_id) select  73, 20, id , 73 from posts where account_id in (select account1_id from network where account2_id = 73) or account_id in (select account2_id from network where account1_id = 73) limit 1;
insert into post_views (id, times, post_id, viewer_id) select  74, 10, id , 74 from posts where account_id in (select account1_id from network where account2_id = 74) or account_id in (select account2_id from network where account1_id = 74) limit 1;
insert into post_views (id, times, post_id, viewer_id) select  75, 3, id , 75 from posts where account_id in (select account1_id from network where account2_id = 75) or account_id in (select account2_id from network where account1_id = 75) limit 1;
insert into post_views (id, times, post_id, viewer_id) select  76, 12, id , 76 from posts where account_id in (select account1_id from network where account2_id = 76) or account_id in (select account2_id from network where account1_id = 76) limit 1;
insert into post_views (id, times, post_id, viewer_id) select  77, 11, id , 77 from posts where account_id in (select account1_id from network where account2_id = 77) or account_id in (select account2_id from network where account1_id = 77) limit 1;
insert into post_views (id, times, post_id, viewer_id) select  78, 4, id , 78 from posts where account_id in (select account1_id from network where account2_id = 78) or account_id in (select account2_id from network where account1_id = 78) limit 1;
insert into post_views (id, times, post_id, viewer_id) select  79, 16, id , 79 from posts where account_id in (select account1_id from network where account2_id = 79) or account_id in (select account2_id from network where account1_id = 79) limit 1;
insert into post_views (id, times, post_id, viewer_id) select  80, 9, id , 80 from posts where account_id in (select account1_id from network where account2_id = 80) or account_id in (select account2_id from network where account1_id = 80) limit 1;
insert into post_views (id, times, post_id, viewer_id) select  81, 11, id , 81 from posts where account_id in (select account1_id from network where account2_id = 81) or account_id in (select account2_id from network where account1_id = 81) limit 1;
insert into post_views (id, times, post_id, viewer_id) select  82, 7, id , 82 from posts where account_id in (select account1_id from network where account2_id = 82) or account_id in (select account2_id from network where account1_id = 82) limit 1;
insert into post_views (id, times, post_id, viewer_id) select  83, 1, id , 83 from posts where account_id in (select account1_id from network where account2_id = 83) or account_id in (select account2_id from network where account1_id = 83) limit 1;
insert into post_views (id, times, post_id, viewer_id) select  84, 1, id , 84 from posts where account_id in (select account1_id from network where account2_id = 84) or account_id in (select account2_id from network where account1_id = 84) limit 1;
insert into post_views (id, times, post_id, viewer_id) select  85, 17, id , 85 from posts where account_id in (select account1_id from network where account2_id = 85) or account_id in (select account2_id from network where account1_id = 85) limit 1;
insert into post_views (id, times, post_id, viewer_id) select  86, 1, id , 86 from posts where account_id in (select account1_id from network where account2_id = 86) or account_id in (select account2_id from network where account1_id = 86) limit 1;
insert into post_views (id, times, post_id, viewer_id) select  87, 16, id , 87 from posts where account_id in (select account1_id from network where account2_id = 87) or account_id in (select account2_id from network where account1_id = 87) limit 1;
insert into post_views (id, times, post_id, viewer_id) select  88, 23, id , 88 from posts where account_id in (select account1_id from network where account2_id = 88) or account_id in (select account2_id from network where account1_id = 88) limit 1;
insert into post_views (id, times, post_id, viewer_id) select  89, 24, id , 89 from posts where account_id in (select account1_id from network where account2_id = 89) or account_id in (select account2_id from network where account1_id = 89) limit 1;
insert into post_views (id, times, post_id, viewer_id) select  90, 15, id , 90 from posts where account_id in (select account1_id from network where account2_id = 90) or account_id in (select account2_id from network where account1_id = 90) limit 1;
insert into post_views (id, times, post_id, viewer_id) select  91, 16, id , 91 from posts where account_id in (select account1_id from network where account2_id = 91) or account_id in (select account2_id from network where account1_id = 91) limit 1;
insert into post_views (id, times, post_id, viewer_id) select  92, 8, id , 92 from posts where account_id in (select account1_id from network where account2_id = 92) or account_id in (select account2_id from network where account1_id = 92) limit 1;
insert into post_views (id, times, post_id, viewer_id) select  93, 19, id , 93 from posts where account_id in (select account1_id from network where account2_id = 93) or account_id in (select account2_id from network where account1_id = 93) limit 1;
insert into post_views (id, times, post_id, viewer_id) select  94, 6, id , 94 from posts where account_id in (select account1_id from network where account2_id = 94) or account_id in (select account2_id from network where account1_id = 94) limit 1;
insert into post_views (id, times, post_id, viewer_id) select  95, 14, id , 95 from posts where account_id in (select account1_id from network where account2_id = 95) or account_id in (select account2_id from network where account1_id = 95) limit 1;
insert into post_views (id, times, post_id, viewer_id) select  96, 6, id , 96 from posts where account_id in (select account1_id from network where account2_id = 96) or account_id in (select account2_id from network where account1_id = 96) limit 1;
insert into post_views (id, times, post_id, viewer_id) select  97, 21, id , 97 from posts where account_id in (select account1_id from network where account2_id = 97) or account_id in (select account2_id from network where account1_id = 97) limit 1;
insert into post_views (id, times, post_id, viewer_id) select  98, 24, id , 98 from posts where account_id in (select account1_id from network where account2_id = 98) or account_id in (select account2_id from network where account1_id = 98) limit 1;
insert into post_views (id, times, post_id, viewer_id) select  99, 16, id , 99 from posts where account_id in (select account1_id from network where account2_id = 99) or account_id in (select account2_id from network where account1_id = 99) limit 1;



insert into likes (id, date_created, post_id, user_id) select  1, '12/03/2020', id , 1 from posts where account_id in (select account1_id from network where account2_id = 1) or account_id in (select account2_id from network where account1_id = 1) limit 1;
insert into likes (id, date_created, post_id, user_id) select  2, '02/26/2021', id , 2 from posts where account_id in (select account1_id from network where account2_id = 2) or account_id in (select account2_id from network where account1_id = 2) limit 1;
insert into likes (id, date_created, post_id, user_id) select  3, '03/03/2021', id , 3 from posts where account_id in (select account1_id from network where account2_id = 3) or account_id in (select account2_id from network where account1_id = 3) limit 1;
insert into likes (id, date_created, post_id, user_id) select  4, '12/09/2020', id , 4 from posts where account_id in (select account1_id from network where account2_id = 4) or account_id in (select account2_id from network where account1_id = 4) limit 1;
insert into likes (id, date_created, post_id, user_id) select  5, '03/15/2021', id , 5 from posts where account_id in (select account1_id from network where account2_id = 5) or account_id in (select account2_id from network where account1_id = 5) limit 1;
insert into likes (id, date_created, post_id, user_id) select  6, '08/16/2021', id , 6 from posts where account_id in (select account1_id from network where account2_id = 6) or account_id in (select account2_id from network where account1_id = 6) limit 1;
insert into likes (id, date_created, post_id, user_id) select  7, '05/25/2021', id , 7 from posts where account_id in (select account1_id from network where account2_id = 7) or account_id in (select account2_id from network where account1_id = 7) limit 1;
insert into likes (id, date_created, post_id, user_id) select  8, '08/15/2021', id , 8 from posts where account_id in (select account1_id from network where account2_id = 8) or account_id in (select account2_id from network where account1_id = 8) limit 1;
insert into likes (id, date_created, post_id, user_id) select  9, '10/24/2020', id , 9 from posts where account_id in (select account1_id from network where account2_id = 9) or account_id in (select account2_id from network where account1_id = 9) limit 1;
insert into likes (id, date_created, post_id, user_id) select  10, '03/28/2021', id , 10 from posts where account_id in (select account1_id from network where account2_id = 10) or account_id in (select account2_id from network where account1_id = 10) limit 1;
insert into likes (id, date_created, post_id, user_id) select  11, '01/17/2021', id , 11 from posts where account_id in (select account1_id from network where account2_id = 11) or account_id in (select account2_id from network where account1_id = 11) limit 1;
insert into likes (id, date_created, post_id, user_id) select  12, '08/02/2021', id , 12 from posts where account_id in (select account1_id from network where account2_id = 12) or account_id in (select account2_id from network where account1_id = 12) limit 1;
insert into likes (id, date_created, post_id, user_id) select  13, '08/31/2021', id , 13 from posts where account_id in (select account1_id from network where account2_id = 13) or account_id in (select account2_id from network where account1_id = 13) limit 1;
insert into likes (id, date_created, post_id, user_id) select  14, '03/10/2021', id , 14 from posts where account_id in (select account1_id from network where account2_id = 14) or account_id in (select account2_id from network where account1_id = 14) limit 1;
insert into likes (id, date_created, post_id, user_id) select  15, '10/04/2020', id , 15 from posts where account_id in (select account1_id from network where account2_id = 15) or account_id in (select account2_id from network where account1_id = 15) limit 1;
insert into likes (id, date_created, post_id, user_id) select  16, '08/23/2021', id , 16 from posts where account_id in (select account1_id from network where account2_id = 16) or account_id in (select account2_id from network where account1_id = 16) limit 1;
insert into likes (id, date_created, post_id, user_id) select  17, '08/02/2021', id , 17 from posts where account_id in (select account1_id from network where account2_id = 17) or account_id in (select account2_id from network where account1_id = 17) limit 1;
insert into likes (id, date_created, post_id, user_id) select  18, '10/14/2020', id , 18 from posts where account_id in (select account1_id from network where account2_id = 18) or account_id in (select account2_id from network where account1_id = 18) limit 1;
insert into likes (id, date_created, post_id, user_id) select  19, '11/21/2020', id , 19 from posts where account_id in (select account1_id from network where account2_id = 19) or account_id in (select account2_id from network where account1_id = 19) limit 1;
insert into likes (id, date_created, post_id, user_id) select  20, '03/11/2021', id , 20 from posts where account_id in (select account1_id from network where account2_id = 20) or account_id in (select account2_id from network where account1_id = 20) limit 1;
insert into likes (id, date_created, post_id, user_id) select  21, '11/17/2020', id , 21 from posts where account_id in (select account1_id from network where account2_id = 21) or account_id in (select account2_id from network where account1_id = 21) limit 1;
insert into likes (id, date_created, post_id, user_id) select  22, '04/26/2021', id , 22 from posts where account_id in (select account1_id from network where account2_id = 22) or account_id in (select account2_id from network where account1_id = 22) limit 1;
insert into likes (id, date_created, post_id, user_id) select  23, '03/17/2021', id , 23 from posts where account_id in (select account1_id from network where account2_id = 23) or account_id in (select account2_id from network where account1_id = 23) limit 1;
insert into likes (id, date_created, post_id, user_id) select  24, '08/16/2021', id , 24 from posts where account_id in (select account1_id from network where account2_id = 24) or account_id in (select account2_id from network where account1_id = 24) limit 1;
insert into likes (id, date_created, post_id, user_id) select  25, '05/29/2021', id , 25 from posts where account_id in (select account1_id from network where account2_id = 25) or account_id in (select account2_id from network where account1_id = 25) limit 1;
insert into likes (id, date_created, post_id, user_id) select  26, '08/31/2021', id , 26 from posts where account_id in (select account1_id from network where account2_id = 26) or account_id in (select account2_id from network where account1_id = 26) limit 1;
insert into likes (id, date_created, post_id, user_id) select  27, '11/22/2020', id , 27 from posts where account_id in (select account1_id from network where account2_id = 27) or account_id in (select account2_id from network where account1_id = 27) limit 1;
insert into likes (id, date_created, post_id, user_id) select  28, '01/14/2021', id , 28 from posts where account_id in (select account1_id from network where account2_id = 28) or account_id in (select account2_id from network where account1_id = 28) limit 1;
insert into likes (id, date_created, post_id, user_id) select  29, '05/31/2021', id , 29 from posts where account_id in (select account1_id from network where account2_id = 29) or account_id in (select account2_id from network where account1_id = 29) limit 1;
insert into likes (id, date_created, post_id, user_id) select  30, '11/28/2020', id , 30 from posts where account_id in (select account1_id from network where account2_id = 30) or account_id in (select account2_id from network where account1_id = 30) limit 1;
insert into likes (id, date_created, post_id, user_id) select  31, '10/31/2020', id , 31 from posts where account_id in (select account1_id from network where account2_id = 31) or account_id in (select account2_id from network where account1_id = 31) limit 1;
insert into likes (id, date_created, post_id, user_id) select  32, '04/24/2021', id , 32 from posts where account_id in (select account1_id from network where account2_id = 32) or account_id in (select account2_id from network where account1_id = 32) limit 1;
insert into likes (id, date_created, post_id, user_id) select  33, '11/03/2020', id , 33 from posts where account_id in (select account1_id from network where account2_id = 33) or account_id in (select account2_id from network where account1_id = 33) limit 1;
insert into likes (id, date_created, post_id, user_id) select  34, '05/28/2021', id , 34 from posts where account_id in (select account1_id from network where account2_id = 34) or account_id in (select account2_id from network where account1_id = 34) limit 1;
insert into likes (id, date_created, post_id, user_id) select  35, '03/13/2021', id , 35 from posts where account_id in (select account1_id from network where account2_id = 35) or account_id in (select account2_id from network where account1_id = 35) limit 1;
insert into likes (id, date_created, post_id, user_id) select  36, '06/02/2021', id , 36 from posts where account_id in (select account1_id from network where account2_id = 36) or account_id in (select account2_id from network where account1_id = 36) limit 1;
insert into likes (id, date_created, post_id, user_id) select  37, '10/14/2020', id , 37 from posts where account_id in (select account1_id from network where account2_id = 37) or account_id in (select account2_id from network where account1_id = 37) limit 1;
insert into likes (id, date_created, post_id, user_id) select  38, '12/03/2020', id , 38 from posts where account_id in (select account1_id from network where account2_id = 38) or account_id in (select account2_id from network where account1_id = 38) limit 1;
insert into likes (id, date_created, post_id, user_id) select  39, '05/19/2021', id , 39 from posts where account_id in (select account1_id from network where account2_id = 39) or account_id in (select account2_id from network where account1_id = 39) limit 1;
insert into likes (id, date_created, post_id, user_id) select  40, '09/27/2020', id , 40 from posts where account_id in (select account1_id from network where account2_id = 40) or account_id in (select account2_id from network where account1_id = 40) limit 1;
insert into likes (id, date_created, post_id, user_id) select  41, '07/22/2021', id , 41 from posts where account_id in (select account1_id from network where account2_id = 41) or account_id in (select account2_id from network where account1_id = 41) limit 1;
insert into likes (id, date_created, post_id, user_id) select  42, '08/19/2021', id , 42 from posts where account_id in (select account1_id from network where account2_id = 42) or account_id in (select account2_id from network where account1_id = 42) limit 1;
insert into likes (id, date_created, post_id, user_id) select  43, '04/13/2021', id , 43 from posts where account_id in (select account1_id from network where account2_id = 43) or account_id in (select account2_id from network where account1_id = 43) limit 1;
insert into likes (id, date_created, post_id, user_id) select  44, '01/27/2021', id , 44 from posts where account_id in (select account1_id from network where account2_id = 44) or account_id in (select account2_id from network where account1_id = 44) limit 1;
insert into likes (id, date_created, post_id, user_id) select  45, '02/16/2021', id , 45 from posts where account_id in (select account1_id from network where account2_id = 45) or account_id in (select account2_id from network where account1_id = 45) limit 1;
insert into likes (id, date_created, post_id, user_id) select  46, '02/15/2021', id , 46 from posts where account_id in (select account1_id from network where account2_id = 46) or account_id in (select account2_id from network where account1_id = 46) limit 1;
insert into likes (id, date_created, post_id, user_id) select  47, '06/03/2021', id , 47 from posts where account_id in (select account1_id from network where account2_id = 47) or account_id in (select account2_id from network where account1_id = 47) limit 1;
insert into likes (id, date_created, post_id, user_id) select  48, '12/29/2020', id , 48 from posts where account_id in (select account1_id from network where account2_id = 48) or account_id in (select account2_id from network where account1_id = 48) limit 1;
insert into likes (id, date_created, post_id, user_id) select  49, '12/01/2020', id , 49 from posts where account_id in (select account1_id from network where account2_id = 49) or account_id in (select account2_id from network where account1_id = 49) limit 1;
insert into likes (id, date_created, post_id, user_id) select  50, '02/17/2021', id , 50 from posts where account_id in (select account1_id from network where account2_id = 50) or account_id in (select account2_id from network where account1_id = 50) limit 1;
insert into likes (id, date_created, post_id, user_id) select  51, '10/29/2020', id , 51 from posts where account_id in (select account1_id from network where account2_id = 51) or account_id in (select account2_id from network where account1_id = 51) limit 1;
insert into likes (id, date_created, post_id, user_id) select  52, '09/04/2021', id , 52 from posts where account_id in (select account1_id from network where account2_id = 52) or account_id in (select account2_id from network where account1_id = 52) limit 1;
insert into likes (id, date_created, post_id, user_id) select  53, '04/12/2021', id , 53 from posts where account_id in (select account1_id from network where account2_id = 53) or account_id in (select account2_id from network where account1_id = 53) limit 1;
insert into likes (id, date_created, post_id, user_id) select  54, '06/03/2021', id , 54 from posts where account_id in (select account1_id from network where account2_id = 54) or account_id in (select account2_id from network where account1_id = 54) limit 1;
insert into likes (id, date_created, post_id, user_id) select  56, '05/23/2021', id , 56 from posts where account_id in (select account1_id from network where account2_id = 56) or account_id in (select account2_id from network where account1_id = 56) limit 1;
insert into likes (id, date_created, post_id, user_id) select  57, '12/16/2020', id , 57 from posts where account_id in (select account1_id from network where account2_id = 57) or account_id in (select account2_id from network where account1_id = 57) limit 1;
insert into likes (id, date_created, post_id, user_id) select  58, '07/09/2021', id , 58 from posts where account_id in (select account1_id from network where account2_id = 58) or account_id in (select account2_id from network where account1_id = 58) limit 1;
insert into likes (id, date_created, post_id, user_id) select  59, '03/24/2021', id , 59 from posts where account_id in (select account1_id from network where account2_id = 59) or account_id in (select account2_id from network where account1_id = 59) limit 1;
insert into likes (id, date_created, post_id, user_id) select  60, '03/14/2021', id , 60 from posts where account_id in (select account1_id from network where account2_id = 60) or account_id in (select account2_id from network where account1_id = 60) limit 1;
insert into likes (id, date_created, post_id, user_id) select  61, '11/12/2020', id , 61 from posts where account_id in (select account1_id from network where account2_id = 61) or account_id in (select account2_id from network where account1_id = 61) limit 1;
insert into likes (id, date_created, post_id, user_id) select  62, '01/23/2021', id , 62 from posts where account_id in (select account1_id from network where account2_id = 62) or account_id in (select account2_id from network where account1_id = 62) limit 1;
insert into likes (id, date_created, post_id, user_id) select  63, '08/23/2021', id , 63 from posts where account_id in (select account1_id from network where account2_id = 63) or account_id in (select account2_id from network where account1_id = 63) limit 1;
insert into likes (id, date_created, post_id, user_id) select  64, '11/16/2020', id , 64 from posts where account_id in (select account1_id from network where account2_id = 64) or account_id in (select account2_id from network where account1_id = 64) limit 1;
insert into likes (id, date_created, post_id, user_id) select  65, '09/03/2021', id , 65 from posts where account_id in (select account1_id from network where account2_id = 65) or account_id in (select account2_id from network where account1_id = 65) limit 1;
insert into likes (id, date_created, post_id, user_id) select  66, '12/29/2020', id , 66 from posts where account_id in (select account1_id from network where account2_id = 66) or account_id in (select account2_id from network where account1_id = 66) limit 1;
insert into likes (id, date_created, post_id, user_id) select  67, '01/04/2021', id , 67 from posts where account_id in (select account1_id from network where account2_id = 67) or account_id in (select account2_id from network where account1_id = 67) limit 1;
insert into likes (id, date_created, post_id, user_id) select  68, '06/07/2021', id , 68 from posts where account_id in (select account1_id from network where account2_id = 68) or account_id in (select account2_id from network where account1_id = 68) limit 1;
insert into likes (id, date_created, post_id, user_id) select  69, '04/26/2021', id , 69 from posts where account_id in (select account1_id from network where account2_id = 69) or account_id in (select account2_id from network where account1_id = 69) limit 1;
insert into likes (id, date_created, post_id, user_id) select  70, '02/25/2021', id , 70 from posts where account_id in (select account1_id from network where account2_id = 70) or account_id in (select account2_id from network where account1_id = 70) limit 1;
insert into likes (id, date_created, post_id, user_id) select  71, '04/26/2021', id , 71 from posts where account_id in (select account1_id from network where account2_id = 71) or account_id in (select account2_id from network where account1_id = 71) limit 1;
insert into likes (id, date_created, post_id, user_id) select  72, '07/19/2021', id , 72 from posts where account_id in (select account1_id from network where account2_id = 72) or account_id in (select account2_id from network where account1_id = 72) limit 1;
insert into likes (id, date_created, post_id, user_id) select  73, '12/07/2020', id , 73 from posts where account_id in (select account1_id from network where account2_id = 73) or account_id in (select account2_id from network where account1_id = 73) limit 1;
insert into likes (id, date_created, post_id, user_id) select  74, '08/14/2021', id , 74 from posts where account_id in (select account1_id from network where account2_id = 74) or account_id in (select account2_id from network where account1_id = 74) limit 1;
insert into likes (id, date_created, post_id, user_id) select  75, '12/17/2020', id , 75 from posts where account_id in (select account1_id from network where account2_id = 75) or account_id in (select account2_id from network where account1_id = 75) limit 1;
insert into likes (id, date_created, post_id, user_id) select  76, '12/22/2020', id , 76 from posts where account_id in (select account1_id from network where account2_id = 76) or account_id in (select account2_id from network where account1_id = 76) limit 1;
insert into likes (id, date_created, post_id, user_id) select  77, '08/01/2021', id , 77 from posts where account_id in (select account1_id from network where account2_id = 77) or account_id in (select account2_id from network where account1_id = 77) limit 1;
insert into likes (id, date_created, post_id, user_id) select  78, '08/24/2021', id , 78 from posts where account_id in (select account1_id from network where account2_id = 78) or account_id in (select account2_id from network where account1_id = 78) limit 1;
insert into likes (id, date_created, post_id, user_id) select  79, '10/09/2020', id , 79 from posts where account_id in (select account1_id from network where account2_id = 79) or account_id in (select account2_id from network where account1_id = 79) limit 1;
insert into likes (id, date_created, post_id, user_id) select  80, '02/28/2021', id , 80 from posts where account_id in (select account1_id from network where account2_id = 80) or account_id in (select account2_id from network where account1_id = 80) limit 1;
insert into likes (id, date_created, post_id, user_id) select  81, '05/30/2021', id , 81 from posts where account_id in (select account1_id from network where account2_id = 81) or account_id in (select account2_id from network where account1_id = 81) limit 1;
insert into likes (id, date_created, post_id, user_id) select  82, '07/10/2021', id , 82 from posts where account_id in (select account1_id from network where account2_id = 82) or account_id in (select account2_id from network where account1_id = 82) limit 1;
insert into likes (id, date_created, post_id, user_id) select  83, '08/31/2021', id , 83 from posts where account_id in (select account1_id from network where account2_id = 83) or account_id in (select account2_id from network where account1_id = 83) limit 1;
insert into likes (id, date_created, post_id, user_id) select  84, '04/01/2021', id , 84 from posts where account_id in (select account1_id from network where account2_id = 84) or account_id in (select account2_id from network where account1_id = 84) limit 1;
insert into likes (id, date_created, post_id, user_id) select  85, '09/13/2021', id , 85 from posts where account_id in (select account1_id from network where account2_id = 85) or account_id in (select account2_id from network where account1_id = 85) limit 1;
insert into likes (id, date_created, post_id, user_id) select  86, '06/09/2021', id , 86 from posts where account_id in (select account1_id from network where account2_id = 86) or account_id in (select account2_id from network where account1_id = 86) limit 1;
insert into likes (id, date_created, post_id, user_id) select  87, '07/25/2021', id , 87 from posts where account_id in (select account1_id from network where account2_id = 87) or account_id in (select account2_id from network where account1_id = 87) limit 1;
insert into likes (id, date_created, post_id, user_id) select  88, '02/01/2021', id , 88 from posts where account_id in (select account1_id from network where account2_id = 88) or account_id in (select account2_id from network where account1_id = 88) limit 1;
insert into likes (id, date_created, post_id, user_id) select  89, '07/06/2021', id , 89 from posts where account_id in (select account1_id from network where account2_id = 89) or account_id in (select account2_id from network where account1_id = 89) limit 1;
insert into likes (id, date_created, post_id, user_id) select  90, '02/24/2021', id , 90 from posts where account_id in (select account1_id from network where account2_id = 90) or account_id in (select account2_id from network where account1_id = 90) limit 1;
insert into likes (id, date_created, post_id, user_id) select  91, '06/12/2021', id , 91 from posts where account_id in (select account1_id from network where account2_id = 91) or account_id in (select account2_id from network where account1_id = 91) limit 1;
insert into likes (id, date_created, post_id, user_id) select  92, '07/28/2021', id , 92 from posts where account_id in (select account1_id from network where account2_id = 92) or account_id in (select account2_id from network where account1_id = 92) limit 1;
insert into likes (id, date_created, post_id, user_id) select  93, '06/21/2021', id , 93 from posts where account_id in (select account1_id from network where account2_id = 93) or account_id in (select account2_id from network where account1_id = 93) limit 1;
insert into likes (id, date_created, post_id, user_id) select  94, '05/20/2021', id , 94 from posts where account_id in (select account1_id from network where account2_id = 94) or account_id in (select account2_id from network where account1_id = 94) limit 1;
insert into likes (id, date_created, post_id, user_id) select  95, '04/10/2021', id , 95 from posts where account_id in (select account1_id from network where account2_id = 95) or account_id in (select account2_id from network where account1_id = 95) limit 1;
insert into likes (id, date_created, post_id, user_id) select  96, '01/10/2021', id , 96 from posts where account_id in (select account1_id from network where account2_id = 96) or account_id in (select account2_id from network where account1_id = 96) limit 1;
insert into likes (id, date_created, post_id, user_id) select  97, '08/20/2021', id , 97 from posts where account_id in (select account1_id from network where account2_id = 97) or account_id in (select account2_id from network where account1_id = 97) limit 1;
insert into likes (id, date_created, post_id, user_id) select  98, '01/10/2021', id , 98 from posts where account_id in (select account1_id from network where account2_id = 98) or account_id in (select account2_id from network where account1_id = 98) limit 1;
insert into likes (id, date_created, post_id, user_id) select  99, '10/16/2020', id , 99 from posts where account_id in (select account1_id from network where account2_id = 99) or account_id in (select account2_id from network where account1_id = 99) limit 1;
insert into likes (id, date_created, post_id, user_id) select  100, '01/17/2021', id , 100 from posts where account_id in (select account1_id from network where account2_id = 100) or account_id in (select account2_id from network where account1_id = 100) limit 1;



insert into comments (id, date, payload, account_id, post_id) select  1, '05/08/2021', 'Enterprise-wide modular product' , 1 , id from posts where account_id in (select account1_id from network where account2_id = 1) or account_id in (select account2_id from network where account1_id = 1) limit 1;
insert into comments (id, date, payload, account_id, post_id) select  2, '06/20/2021', 'Synergized stable monitoring' , 2 , id from posts where account_id in (select account1_id from network where account2_id = 2) or account_id in (select account2_id from network where account1_id = 2) limit 1;
insert into comments (id, date, payload, account_id, post_id) select  3, '02/27/2021', 'Quality-focused 3rd generation flexibility' , 3 , id from posts where account_id in (select account1_id from network where account2_id = 3) or account_id in (select account2_id from network where account1_id = 3) limit 1;
insert into comments (id, date, payload, account_id, post_id) select  4, '01/15/2021', 'Vision-oriented mobile analyzer' , 4 , id from posts where account_id in (select account1_id from network where account2_id = 4) or account_id in (select account2_id from network where account1_id = 4) limit 1;
insert into comments (id, date, payload, account_id, post_id) select  5, '11/21/2020', 'Object-based context-sensitive system engine' , 5 , id from posts where account_id in (select account1_id from network where account2_id = 5) or account_id in (select account2_id from network where account1_id = 5) limit 1;
insert into comments (id, date, payload, account_id, post_id) select  6, '01/30/2021', 'Integrated 3rd generation alliance' , 6 , id from posts where account_id in (select account1_id from network where account2_id = 6) or account_id in (select account2_id from network where account1_id = 6) limit 1;
insert into comments (id, date, payload, account_id, post_id) select  7, '12/06/2020', 'Expanded encompassing interface' , 7 , id from posts where account_id in (select account1_id from network where account2_id = 7) or account_id in (select account2_id from network where account1_id = 7) limit 1;
insert into comments (id, date, payload, account_id, post_id) select  8, '12/06/2020', 'Business-focused exuding portal' , 8 , id from posts where account_id in (select account1_id from network where account2_id = 8) or account_id in (select account2_id from network where account1_id = 8) limit 1;
insert into comments (id, date, payload, account_id, post_id) select  9, '11/24/2020', 'Up-sized secondary attitude' , 9 , id from posts where account_id in (select account1_id from network where account2_id = 9) or account_id in (select account2_id from network where account1_id = 9) limit 1;
insert into comments (id, date, payload, account_id, post_id) select  10, '02/27/2021', 'Reactive client-driven frame' , 10 , id from posts where account_id in (select account1_id from network where account2_id = 10) or account_id in (select account2_id from network where account1_id = 10) limit 1;
insert into comments (id, date, payload, account_id, post_id) select  11, '05/06/2021', 'Polarised interactive policy' , 11 , id from posts where account_id in (select account1_id from network where account2_id = 11) or account_id in (select account2_id from network where account1_id = 11) limit 1;
insert into comments (id, date, payload, account_id, post_id) select  12, '12/12/2020', 'Implemented optimizing parallelism' , 12 , id from posts where account_id in (select account1_id from network where account2_id = 12) or account_id in (select account2_id from network where account1_id = 12) limit 1;
insert into comments (id, date, payload, account_id, post_id) select  13, '05/26/2021', 'Multi-lateral impactful array' , 13 , id from posts where account_id in (select account1_id from network where account2_id = 13) or account_id in (select account2_id from network where account1_id = 13) limit 1;
insert into comments (id, date, payload, account_id, post_id) select  14, '10/12/2020', 'User-centric disintermediate instruction set' , 14 , id from posts where account_id in (select account1_id from network where account2_id = 14) or account_id in (select account2_id from network where account1_id = 14) limit 1;
insert into comments (id, date, payload, account_id, post_id) select  15, '05/02/2021', 'Function-based full-range internet solution' , 15 , id from posts where account_id in (select account1_id from network where account2_id = 15) or account_id in (select account2_id from network where account1_id = 15) limit 1;
insert into comments (id, date, payload, account_id, post_id) select  16, '05/05/2021', 'Business-focused upward-trending success' , 16 , id from posts where account_id in (select account1_id from network where account2_id = 16) or account_id in (select account2_id from network where account1_id = 16) limit 1;
insert into comments (id, date, payload, account_id, post_id) select  17, '11/13/2020', 'Networked zero tolerance attitude' , 17 , id from posts where account_id in (select account1_id from network where account2_id = 17) or account_id in (select account2_id from network where account1_id = 17) limit 1;
insert into comments (id, date, payload, account_id, post_id) select  18, '04/12/2021', 'Visionary interactive collaboration' , 18 , id from posts where account_id in (select account1_id from network where account2_id = 18) or account_id in (select account2_id from network where account1_id = 18) limit 1;
insert into comments (id, date, payload, account_id, post_id) select  19, '12/28/2020', 'Total 6th generation architecture' , 19 , id from posts where account_id in (select account1_id from network where account2_id = 19) or account_id in (select account2_id from network where account1_id = 19) limit 1;
insert into comments (id, date, payload, account_id, post_id) select  20, '05/05/2021', 'Digitized maximized standardization' , 20 , id from posts where account_id in (select account1_id from network where account2_id = 20) or account_id in (select account2_id from network where account1_id = 20) limit 1;
insert into comments (id, date, payload, account_id, post_id) select  21, '03/16/2021', 'Multi-tiered regional utilisation' , 21 , id from posts where account_id in (select account1_id from network where account2_id = 21) or account_id in (select account2_id from network where account1_id = 21) limit 1;
insert into comments (id, date, payload, account_id, post_id) select  22, '03/25/2021', 'Down-sized asymmetric attitude' , 22 , id from posts where account_id in (select account1_id from network where account2_id = 22) or account_id in (select account2_id from network where account1_id = 22) limit 1;
insert into comments (id, date, payload, account_id, post_id) select  23, '03/22/2021', 'Multi-channelled value-added solution' , 23 , id from posts where account_id in (select account1_id from network where account2_id = 23) or account_id in (select account2_id from network where account1_id = 23) limit 1;
insert into comments (id, date, payload, account_id, post_id) select  24, '09/09/2021', 'Fully-configurable local product' , 24 , id from posts where account_id in (select account1_id from network where account2_id = 24) or account_id in (select account2_id from network where account1_id = 24) limit 1;
insert into comments (id, date, payload, account_id, post_id) select  25, '01/13/2021', 'Universal system-worthy implementation' , 25 , id from posts where account_id in (select account1_id from network where account2_id = 25) or account_id in (select account2_id from network where account1_id = 25) limit 1;
insert into comments (id, date, payload, account_id, post_id) select  26, '05/21/2021', 'Reverse-engineered national adapter' , 26 , id from posts where account_id in (select account1_id from network where account2_id = 26) or account_id in (select account2_id from network where account1_id = 26) limit 1;
insert into comments (id, date, payload, account_id, post_id) select  27, '06/02/2021', 'Secured composite leverage' , 27 , id from posts where account_id in (select account1_id from network where account2_id = 27) or account_id in (select account2_id from network where account1_id = 27) limit 1;
insert into comments (id, date, payload, account_id, post_id) select  28, '03/06/2021', 'Up-sized transitional standardization' , 28 , id from posts where account_id in (select account1_id from network where account2_id = 28) or account_id in (select account2_id from network where account1_id = 28) limit 1;
insert into comments (id, date, payload, account_id, post_id) select  29, '05/20/2021', 'Innovative logistical open architecture' , 29 , id from posts where account_id in (select account1_id from network where account2_id = 29) or account_id in (select account2_id from network where account1_id = 29) limit 1;
insert into comments (id, date, payload, account_id, post_id) select  30, '11/15/2020', 'Persistent system-worthy methodology' , 30 , id from posts where account_id in (select account1_id from network where account2_id = 30) or account_id in (select account2_id from network where account1_id = 30) limit 1;
insert into comments (id, date, payload, account_id, post_id) select  31, '05/20/2021', 'Vision-oriented asynchronous attitude' , 31 , id from posts where account_id in (select account1_id from network where account2_id = 31) or account_id in (select account2_id from network where account1_id = 31) limit 1;
insert into comments (id, date, payload, account_id, post_id) select  32, '05/26/2021', 'Fully-configurable 24 hour productivity' , 32 , id from posts where account_id in (select account1_id from network where account2_id = 32) or account_id in (select account2_id from network where account1_id = 32) limit 1;
insert into comments (id, date, payload, account_id, post_id) select  33, '11/30/2020', 'Horizontal optimizing instruction set' , 33 , id from posts where account_id in (select account1_id from network where account2_id = 33) or account_id in (select account2_id from network where account1_id = 33) limit 1;
insert into comments (id, date, payload, account_id, post_id) select  34, '09/11/2021', 'Cross-group stable support' , 34 , id from posts where account_id in (select account1_id from network where account2_id = 34) or account_id in (select account2_id from network where account1_id = 34) limit 1;
insert into comments (id, date, payload, account_id, post_id) select  35, '03/20/2021', 'Total intangible methodology' , 35 , id from posts where account_id in (select account1_id from network where account2_id = 35) or account_id in (select account2_id from network where account1_id = 35) limit 1;
insert into comments (id, date, payload, account_id, post_id) select  36, '10/31/2020', 'Streamlined demand-driven concept' , 36 , id from posts where account_id in (select account1_id from network where account2_id = 36) or account_id in (select account2_id from network where account1_id = 36) limit 1;
insert into comments (id, date, payload, account_id, post_id) select  37, '03/31/2021', 'Horizontal actuating paradigm' , 37 , id from posts where account_id in (select account1_id from network where account2_id = 37) or account_id in (select account2_id from network where account1_id = 37) limit 1;
insert into comments (id, date, payload, account_id, post_id) select  38, '10/13/2020', 'Multi-tiered regional open system' , 38 , id from posts where account_id in (select account1_id from network where account2_id = 38) or account_id in (select account2_id from network where account1_id = 38) limit 1;
insert into comments (id, date, payload, account_id, post_id) select  39, '08/31/2021', 'Exclusive next generation infrastructure' , 39 , id from posts where account_id in (select account1_id from network where account2_id = 39) or account_id in (select account2_id from network where account1_id = 39) limit 1;
insert into comments (id, date, payload, account_id, post_id) select  40, '06/21/2021', 'Self-enabling scalable middleware' , 40 , id from posts where account_id in (select account1_id from network where account2_id = 40) or account_id in (select account2_id from network where account1_id = 40) limit 1;
insert into comments (id, date, payload, account_id, post_id) select  41, '07/06/2021', 'Mandatory zero defect leverage' , 41 , id from posts where account_id in (select account1_id from network where account2_id = 41) or account_id in (select account2_id from network where account1_id = 41) limit 1;
insert into comments (id, date, payload, account_id, post_id) select  42, '03/23/2021', 'Configurable impactful task-force' , 42 , id from posts where account_id in (select account1_id from network where account2_id = 42) or account_id in (select account2_id from network where account1_id = 42) limit 1;
insert into comments (id, date, payload, account_id, post_id) select  43, '10/09/2020', 'Team-oriented web-enabled contingency' , 43 , id from posts where account_id in (select account1_id from network where account2_id = 43) or account_id in (select account2_id from network where account1_id = 43) limit 1;
insert into comments (id, date, payload, account_id, post_id) select  44, '12/29/2020', 'Balanced neutral process improvement' , 44 , id from posts where account_id in (select account1_id from network where account2_id = 44) or account_id in (select account2_id from network where account1_id = 44) limit 1;
insert into comments (id, date, payload, account_id, post_id) select  45, '06/12/2021', 'Ameliorated explicit knowledge base' , 45 , id from posts where account_id in (select account1_id from network where account2_id = 45) or account_id in (select account2_id from network where account1_id = 45) limit 1;
insert into comments (id, date, payload, account_id, post_id) select  46, '04/12/2021', 'Profound incremental conglomeration' , 46 , id from posts where account_id in (select account1_id from network where account2_id = 46) or account_id in (select account2_id from network where account1_id = 46) limit 1;
insert into comments (id, date, payload, account_id, post_id) select  47, '03/25/2021', 'Stand-alone local neural-net' , 47 , id from posts where account_id in (select account1_id from network where account2_id = 47) or account_id in (select account2_id from network where account1_id = 47) limit 1;
insert into comments (id, date, payload, account_id, post_id) select  48, '03/21/2021', 'Enterprise-wide upward-trending service-desk' , 48 , id from posts where account_id in (select account1_id from network where account2_id = 48) or account_id in (select account2_id from network where account1_id = 48) limit 1;
insert into comments (id, date, payload, account_id, post_id) select  49, '12/30/2020', 'Digitized local time-frame' , 49 , id from posts where account_id in (select account1_id from network where account2_id = 49) or account_id in (select account2_id from network where account1_id = 49) limit 1;
insert into comments (id, date, payload, account_id, post_id) select  50, '07/12/2021', 'Configurable stable leverage' , 50 , id from posts where account_id in (select account1_id from network where account2_id = 50) or account_id in (select account2_id from network where account1_id = 50) limit 1;
insert into comments (id, date, payload, account_id, post_id) select  51, '06/23/2021', 'Compatible web-enabled secured line' , 51 , id from posts where account_id in (select account1_id from network where account2_id = 51) or account_id in (select account2_id from network where account1_id = 51) limit 1;
insert into comments (id, date, payload, account_id, post_id) select  52, '12/04/2020', 'Pre-emptive radical portal' , 52 , id from posts where account_id in (select account1_id from network where account2_id = 52) or account_id in (select account2_id from network where account1_id = 52) limit 1;
insert into comments (id, date, payload, account_id, post_id) select  53, '09/28/2020', 'Pre-emptive 24 hour toolset' , 53 , id from posts where account_id in (select account1_id from network where account2_id = 53) or account_id in (select account2_id from network where account1_id = 53) limit 1;
insert into comments (id, date, payload, account_id, post_id) select  54, '07/14/2021', 'Reverse-engineered needs-based synergy' , 54 , id from posts where account_id in (select account1_id from network where account2_id = 54) or account_id in (select account2_id from network where account1_id = 54) limit 1;
insert into comments (id, date, payload, account_id, post_id) select  56, '03/24/2021', 'Mandatory context-sensitive paradigm' , 56 , id from posts where account_id in (select account1_id from network where account2_id = 56) or account_id in (select account2_id from network where account1_id = 56) limit 1;
insert into comments (id, date, payload, account_id, post_id) select  57, '12/18/2020', 'Balanced 4th generation functionalities' , 57 , id from posts where account_id in (select account1_id from network where account2_id = 57) or account_id in (select account2_id from network where account1_id = 57) limit 1;
insert into comments (id, date, payload, account_id, post_id) select  58, '09/12/2021', 'Universal holistic time-frame' , 58 , id from posts where account_id in (select account1_id from network where account2_id = 58) or account_id in (select account2_id from network where account1_id = 58) limit 1;
insert into comments (id, date, payload, account_id, post_id) select  59, '03/26/2021', 'Multi-lateral object-oriented orchestration' , 59 , id from posts where account_id in (select account1_id from network where account2_id = 59) or account_id in (select account2_id from network where account1_id = 59) limit 1;
insert into comments (id, date, payload, account_id, post_id) select  60, '11/20/2020', 'Advanced fault-tolerant functionalities' , 60 , id from posts where account_id in (select account1_id from network where account2_id = 60) or account_id in (select account2_id from network where account1_id = 60) limit 1;
insert into comments (id, date, payload, account_id, post_id) select  61, '02/11/2021', 'Grass-roots upward-trending concept' , 61 , id from posts where account_id in (select account1_id from network where account2_id = 61) or account_id in (select account2_id from network where account1_id = 61) limit 1;
insert into comments (id, date, payload, account_id, post_id) select  62, '01/24/2021', 'Realigned global internet solution' , 62 , id from posts where account_id in (select account1_id from network where account2_id = 62) or account_id in (select account2_id from network where account1_id = 62) limit 1;
insert into comments (id, date, payload, account_id, post_id) select  63, '09/19/2021', 'Total system-worthy parallelism' , 63 , id from posts where account_id in (select account1_id from network where account2_id = 63) or account_id in (select account2_id from network where account1_id = 63) limit 1;
insert into comments (id, date, payload, account_id, post_id) select  64, '09/17/2021', 'Assimilated maximized product' , 64 , id from posts where account_id in (select account1_id from network where account2_id = 64) or account_id in (select account2_id from network where account1_id = 64) limit 1;
insert into comments (id, date, payload, account_id, post_id) select  65, '09/05/2021', 'Devolved dedicated implementation' , 65 , id from posts where account_id in (select account1_id from network where account2_id = 65) or account_id in (select account2_id from network where account1_id = 65) limit 1;
insert into comments (id, date, payload, account_id, post_id) select  66, '09/17/2021', 'Switchable object-oriented data-warehouse' , 66 , id from posts where account_id in (select account1_id from network where account2_id = 66) or account_id in (select account2_id from network where account1_id = 66) limit 1;
insert into comments (id, date, payload, account_id, post_id) select  67, '12/02/2020', 'Cloned leading edge contingency' , 67 , id from posts where account_id in (select account1_id from network where account2_id = 67) or account_id in (select account2_id from network where account1_id = 67) limit 1;
insert into comments (id, date, payload, account_id, post_id) select  68, '08/27/2021', 'Reverse-engineered client-server leverage' , 68 , id from posts where account_id in (select account1_id from network where account2_id = 68) or account_id in (select account2_id from network where account1_id = 68) limit 1;
insert into comments (id, date, payload, account_id, post_id) select  69, '02/06/2021', 'Digitized intangible neural-net' , 69 , id from posts where account_id in (select account1_id from network where account2_id = 69) or account_id in (select account2_id from network where account1_id = 69) limit 1;
insert into comments (id, date, payload, account_id, post_id) select  70, '09/11/2021', 'Realigned secondary solution' , 70 , id from posts where account_id in (select account1_id from network where account2_id = 70) or account_id in (select account2_id from network where account1_id = 70) limit 1;
insert into comments (id, date, payload, account_id, post_id) select  71, '01/27/2021', 'Optimized homogeneous migration' , 71 , id from posts where account_id in (select account1_id from network where account2_id = 71) or account_id in (select account2_id from network where account1_id = 71) limit 1;
insert into comments (id, date, payload, account_id, post_id) select  72, '10/18/2020', 'Stand-alone demand-driven encoding' , 72 , id from posts where account_id in (select account1_id from network where account2_id = 72) or account_id in (select account2_id from network where account1_id = 72) limit 1;
insert into comments (id, date, payload, account_id, post_id) select  73, '01/22/2021', 'Total non-volatile info-mediaries' , 73 , id from posts where account_id in (select account1_id from network where account2_id = 73) or account_id in (select account2_id from network where account1_id = 73) limit 1;
insert into comments (id, date, payload, account_id, post_id) select  74, '02/26/2021', 'Customizable demand-driven instruction set' , 74 , id from posts where account_id in (select account1_id from network where account2_id = 74) or account_id in (select account2_id from network where account1_id = 74) limit 1;
insert into comments (id, date, payload, account_id, post_id) select  75, '12/26/2020', 'Horizontal 5th generation Graphical User Interface' , 75 , id from posts where account_id in (select account1_id from network where account2_id = 75) or account_id in (select account2_id from network where account1_id = 75) limit 1;
insert into comments (id, date, payload, account_id, post_id) select  76, '08/23/2021', 'Reduced radical adapter' , 76 , id from posts where account_id in (select account1_id from network where account2_id = 76) or account_id in (select account2_id from network where account1_id = 76) limit 1;
insert into comments (id, date, payload, account_id, post_id) select  77, '09/03/2021', 'Public-key tangible matrices' , 77 , id from posts where account_id in (select account1_id from network where account2_id = 77) or account_id in (select account2_id from network where account1_id = 77) limit 1;
insert into comments (id, date, payload, account_id, post_id) select  78, '06/09/2021', 'Function-based context-sensitive benchmark' , 78 , id from posts where account_id in (select account1_id from network where account2_id = 78) or account_id in (select account2_id from network where account1_id = 78) limit 1;
insert into comments (id, date, payload, account_id, post_id) select  79, '07/01/2021', 'Persistent motivating framework' , 79 , id from posts where account_id in (select account1_id from network where account2_id = 79) or account_id in (select account2_id from network where account1_id = 79) limit 1;
insert into comments (id, date, payload, account_id, post_id) select  80, '08/24/2021', 'Cross-platform holistic moderator' , 80 , id from posts where account_id in (select account1_id from network where account2_id = 80) or account_id in (select account2_id from network where account1_id = 80) limit 1;
insert into comments (id, date, payload, account_id, post_id) select  81, '08/12/2021', 'Compatible motivating matrix' , 81 , id from posts where account_id in (select account1_id from network where account2_id = 81) or account_id in (select account2_id from network where account1_id = 81) limit 1;
insert into comments (id, date, payload, account_id, post_id) select  82, '05/25/2021', 'Synchronised mobile process improvement' , 82 , id from posts where account_id in (select account1_id from network where account2_id = 82) or account_id in (select account2_id from network where account1_id = 82) limit 1;
insert into comments (id, date, payload, account_id, post_id) select  83, '11/09/2020', 'Fundamental neutral interface' , 83 , id from posts where account_id in (select account1_id from network where account2_id = 83) or account_id in (select account2_id from network where account1_id = 83) limit 1;
insert into comments (id, date, payload, account_id, post_id) select  84, '07/17/2021', 'Total secondary groupware' , 84 , id from posts where account_id in (select account1_id from network where account2_id = 84) or account_id in (select account2_id from network where account1_id = 84) limit 1;
insert into comments (id, date, payload, account_id, post_id) select  85, '12/02/2020', 'Focused clear-thinking forecast' , 85 , id from posts where account_id in (select account1_id from network where account2_id = 85) or account_id in (select account2_id from network where account1_id = 85) limit 1;
insert into comments (id, date, payload, account_id, post_id) select  86, '01/23/2021', 'Progressive asymmetric software' , 86 , id from posts where account_id in (select account1_id from network where account2_id = 86) or account_id in (select account2_id from network where account1_id = 86) limit 1;
insert into comments (id, date, payload, account_id, post_id) select  87, '09/16/2021', 'Advanced empowering emulation' , 87 , id from posts where account_id in (select account1_id from network where account2_id = 87) or account_id in (select account2_id from network where account1_id = 87) limit 1;
insert into comments (id, date, payload, account_id, post_id) select  88, '03/13/2021', 'Networked demand-driven functionalities' , 88 , id from posts where account_id in (select account1_id from network where account2_id = 88) or account_id in (select account2_id from network where account1_id = 88) limit 1;
insert into comments (id, date, payload, account_id, post_id) select  89, '03/06/2021', 'Cloned client-driven definition' , 89 , id from posts where account_id in (select account1_id from network where account2_id = 89) or account_id in (select account2_id from network where account1_id = 89) limit 1;
insert into comments (id, date, payload, account_id, post_id) select  90, '12/13/2020', 'Enhanced systematic forecast' , 90 , id from posts where account_id in (select account1_id from network where account2_id = 90) or account_id in (select account2_id from network where account1_id = 90) limit 1;
insert into comments (id, date, payload, account_id, post_id) select  91, '07/02/2021', 'Balanced foreground concept' , 91 , id from posts where account_id in (select account1_id from network where account2_id = 91) or account_id in (select account2_id from network where account1_id = 91) limit 1;
insert into comments (id, date, payload, account_id, post_id) select  92, '08/11/2021', 'Multi-layered modular info-mediaries' , 92 , id from posts where account_id in (select account1_id from network where account2_id = 92) or account_id in (select account2_id from network where account1_id = 92) limit 1;
insert into comments (id, date, payload, account_id, post_id) select  93, '05/12/2021', 'Compatible fresh-thinking forecast' , 93 , id from posts where account_id in (select account1_id from network where account2_id = 93) or account_id in (select account2_id from network where account1_id = 93) limit 1;
insert into comments (id, date, payload, account_id, post_id) select  94, '06/28/2021', 'Business-focused user-facing infrastructure' , 94 , id from posts where account_id in (select account1_id from network where account2_id = 94) or account_id in (select account2_id from network where account1_id = 94) limit 1;
insert into comments (id, date, payload, account_id, post_id) select  95, '03/16/2021', 'Persevering content-based concept' , 95 , id from posts where account_id in (select account1_id from network where account2_id = 95) or account_id in (select account2_id from network where account1_id = 95) limit 1;
insert into comments (id, date, payload, account_id, post_id) select  96, '09/18/2021', 'Inverse bandwidth-monitored application' , 96 , id from posts where account_id in (select account1_id from network where account2_id = 96) or account_id in (select account2_id from network where account1_id = 96) limit 1;
insert into comments (id, date, payload, account_id, post_id) select  97, '08/19/2021', 'Vision-oriented zero defect productivity' , 97 , id from posts where account_id in (select account1_id from network where account2_id = 97) or account_id in (select account2_id from network where account1_id = 97) limit 1;
insert into comments (id, date, payload, account_id, post_id) select  98, '11/22/2020', 'Intuitive transitional leverage' , 98 , id from posts where account_id in (select account1_id from network where account2_id = 98) or account_id in (select account2_id from network where account1_id = 98) limit 1;
insert into comments (id, date, payload, account_id, post_id) select  99, '10/28/2020', 'Automated interactive model' , 99 , id from posts where account_id in (select account1_id from network where account2_id = 99) or account_id in (select account2_id from network where account1_id = 99) limit 1;
insert into comments (id, date, payload, account_id, post_id) select  100, '06/02/2021', 'Progressive asynchronous database' , 100 , id from posts where account_id in (select account1_id from network where account2_id = 100) or account_id in (select account2_id from network where account1_id = 100) limit 1;


insert into jobs (id, date, experience_level, info, job_type, location, title, publisher_id) values (1, '07/16/2021', 4, 'Grass-roots cohesive open architecture', 0, 'Tasovii', 'Mechanical Systems Engineer', 2);
insert into jobs (id, date, experience_level, info, job_type, location, title, publisher_id) values (2, '12/01/2020', 1, 'Progressive hybrid function', 1, 'Constanza', 'Programmer III', 2);
insert into jobs (id, date, experience_level, info, job_type, location, title, publisher_id) values (3, '03/28/2021', 0, 'Cross-group stable utilisation', 2, 'Oyam', 'Biostatistician I', 3);
insert into jobs (id, date, experience_level, info, job_type, location, title, publisher_id) values (4, '01/18/2021', 5, 'Cloned 5th generation firmware', 0, 'Upata', 'Director of Sales', 4);
insert into jobs (id, date, experience_level, info, job_type, location, title, publisher_id) values (5, '04/14/2021', 3, 'Extended content-based neural-net', 0, 'Sholokhove', 'Environmental Specialist', 5);
insert into jobs (id, date, experience_level, info, job_type, location, title, publisher_id) values (6, '01/29/2021', 2, 'Front-line discrete knowledge base', 2, 'apsze Nine', 'Social Worker', 6);
insert into jobs (id, date, experience_level, info, job_type, location, title, publisher_id) values (7, '03/10/2021', 3, 'Distributed tangible local area network', 0, 'Lian', 'Paralegal', 7);
insert into jobs (id, date, experience_level, info, job_type, location, title, publisher_id) values (8, '07/03/2021', 4, 'Cloned multimedia success', 4, 'Timpas', 'Registered Nurse', 8);
insert into jobs (id, date, experience_level, info, job_type, location, title, publisher_id) values (9, '12/03/2020', 4, 'Total fault-tolerant standardization', 1, 'Huayana', 'Electrical Engineer', 9);
insert into jobs (id, date, experience_level, info, job_type, location, title, publisher_id) values (10, '08/26/2021', 5, 'Centralized asymmetric hardware', 2, 'Barras', 'Physical Therapy Assistant', 10);
insert into jobs (id, date, experience_level, info, job_type, location, title, publisher_id) values (11, '01/22/2021', 3, 'Multi-tiered 3rd generation capability', 4, 'Slavyanovo', 'Senior Sales Associate', 11);
insert into jobs (id, date, experience_level, info, job_type, location, title, publisher_id) values (12, '12/27/2020', 0, 'Switchable optimal complexity', 3, 'Los Santos', 'Internal Auditor', 12);
insert into jobs (id, date, experience_level, info, job_type, location, title, publisher_id) values (13, '08/19/2021', 0, 'Future-proofed 24/7 database', 0, 'Zhangjiafang', 'Analyst Programmer', 13);
insert into jobs (id, date, experience_level, info, job_type, location, title, publisher_id) values (14, '03/28/2021', 0, 'Front-line homogeneous toolset', 0, 'Khvalynsk', 'Administrative Assistant II', 14);
insert into jobs (id, date, experience_level, info, job_type, location, title, publisher_id) values (15, '01/08/2021', 5, 'Re-contextualized executive interface', 0, 'Putrajaya', 'Automation Specialist II', 15);
insert into jobs (id, date, experience_level, info, job_type, location, title, publisher_id) values (16, '03/30/2021', 2, 'Implemented object-oriented task-force', 0, 'Tanjung Palas', 'Editor', 16);
insert into jobs (id, date, experience_level, info, job_type, location, title, publisher_id) values (17, '03/26/2021', 4, 'Progressive cohesive matrix', 4, 'Langchuan', 'Technical Writer', 17);
insert into jobs (id, date, experience_level, info, job_type, location, title, publisher_id) values (18, '07/03/2021', 2, 'Future-proofed executive system engine', 4, 'Inashiki', 'Assistant Professor', 18);
insert into jobs (id, date, experience_level, info, job_type, location, title, publisher_id) values (19, '11/12/2020', 2, 'Universal encompassing budgetary management', 3, 'Gwangjeok', 'Account Representative IV', 19);
insert into jobs (id, date, experience_level, info, job_type, location, title, publisher_id) values (20, '07/31/2021', 2, 'Right-sized high-level toolset', 2, 'Dordrecht', 'Nuclear Power Engineer', 20);
insert into jobs (id, date, experience_level, info, job_type, location, title, publisher_id) values (21, '06/04/2021', 0, 'Reduced client-server interface', 0, 'Anfi', 'Actuary', 21);
insert into jobs (id, date, experience_level, info, job_type, location, title, publisher_id) values (22, '04/01/2021', 4, 'Reactive zero administration forecast', 2, 'Avarua', 'Research Nurse', 22);
insert into jobs (id, date, experience_level, info, job_type, location, title, publisher_id) values (23, '10/28/2020', 4, 'Synergized global product', 0, 'Miln', 'Electrical Engineer', 23);
insert into jobs (id, date, experience_level, info, job_type, location, title, publisher_id) values (24, '07/21/2021', 3, 'Total executive migration', 1, 'La Falda', 'Data Coordiator', 24);
insert into jobs (id, date, experience_level, info, job_type, location, title, publisher_id) values (25, '07/07/2021', 4, 'Public-key full-range parallelism', 1, 'Duping', 'Analyst Programmer', 25);
insert into jobs (id, date, experience_level, info, job_type, location, title, publisher_id) values (26, '09/30/2020', 3, 'Enhanced zero defect support', 4, 'Wenfeng Zhen', 'Software Engineer I', 26);
insert into jobs (id, date, experience_level, info, job_type, location, title, publisher_id) values (27, '01/02/2021', 0, 'Public-key dynamic hardware', 3, 'Villa del Rosario', 'Safety Technician IV', 27);
insert into jobs (id, date, experience_level, info, job_type, location, title, publisher_id) values (28, '09/29/2020', 5, 'Reverse-engineered clear-thinking application', 4, 'yios Yeryios', 'Developer II', 28);
insert into jobs (id, date, experience_level, info, job_type, location, title, publisher_id) values (29, '02/27/2021', 4, 'Grass-roots composite challenge', 4, 'Ljukovo', 'Human Resources Assistant II', 29);
insert into jobs (id, date, experience_level, info, job_type, location, title, publisher_id) values (30, '10/30/2020', 3, 'Secured grid-enabled software', 1, 'Piotrkw Trybunalski', 'Senior Financial Analyst', 30);
insert into jobs (id, date, experience_level, info, job_type, location, title, publisher_id) values (31, '06/24/2021', 1, 'Proactive encompassing success', 1, 'Francova Lhota', 'Nurse Practicioner', 31);
insert into jobs (id, date, experience_level, info, job_type, location, title, publisher_id) values (32, '09/06/2021', 3, 'Robust client-server circuit', 4, 'Hacqabul', 'Senior Financial Analyst', 32);
insert into jobs (id, date, experience_level, info, job_type, location, title, publisher_id) values (33, '02/02/2021', 0, 'Innovative scalable migration', 3, 'Limoeiro de Anadia', 'Food Chemist', 33);
insert into jobs (id, date, experience_level, info, job_type, location, title, publisher_id) values (34, '03/25/2021', 0, 'Synergistic explicit neural-net', 4, 'Rameshki', 'Help Desk Technician', 34);
insert into jobs (id, date, experience_level, info, job_type, location, title, publisher_id) values (35, '12/14/2020', 2, 'Proactive coherent paradigm', 1, 'Waitara', 'Office Assistant III', 35);
insert into jobs (id, date, experience_level, info, job_type, location, title, publisher_id) values (36, '06/02/2021', 0, 'Programmable upward-trending structure', 2, 'Nirji', 'Paralegal', 36);
insert into jobs (id, date, experience_level, info, job_type, location, title, publisher_id) values (37, '11/20/2020', 1, 'Persevering exuding service-desk', 0, 'Brunssum', 'Business Systems Development Analyst', 37);
insert into jobs (id, date, experience_level, info, job_type, location, title, publisher_id) values (38, '11/01/2020', 0, 'Cross-platform next generation architecture', 0, 'Pestovo', 'Director of Sales', 38);
insert into jobs (id, date, experience_level, info, job_type, location, title, publisher_id) values (39, '06/21/2021', 1, 'Multi-layered tertiary website', 3, 'Xinfeng', 'Business Systems Development Analyst', 39);
insert into jobs (id, date, experience_level, info, job_type, location, title, publisher_id) values (40, '12/17/2020', 0, 'Customizable static adapter', 0, 'Xiaheqing', 'Human Resources Manager', 40);
insert into jobs (id, date, experience_level, info, job_type, location, title, publisher_id) values (41, '11/22/2020', 4, 'Multi-layered modular function', 0, 'Qingfeng', 'Computer Systems Analyst III', 41);
insert into jobs (id, date, experience_level, info, job_type, location, title, publisher_id) values (42, '05/20/2021', 4, 'Balanced demand-driven secured line', 2, 'Troitsk', 'Health Coach I', 42);
insert into jobs (id, date, experience_level, info, job_type, location, title, publisher_id) values (43, '10/13/2020', 4, 'Enhanced zero defect solution', 0, 'Issad', 'Tax Accountant', 43);
insert into jobs (id, date, experience_level, info, job_type, location, title, publisher_id) values (44, '09/04/2021', 4, 'Cloned dynamic data-warehouse', 0, 'Sandaogou', 'Actuary', 44);
insert into jobs (id, date, experience_level, info, job_type, location, title, publisher_id) values (45, '12/18/2020', 1, 'De-engineered 5th generation secured line', 1, 'Takanosu', 'Community Outreach Specialist', 45);
insert into jobs (id, date, experience_level, info, job_type, location, title, publisher_id) values (46, '04/09/2021', 1, 'Extended explicit intranet', 2, 'Safotu', 'Teacher', 46);
insert into jobs (id, date, experience_level, info, job_type, location, title, publisher_id) values (47, '11/23/2020', 4, 'Digitized methodical solution', 3, 'Al Azraq ash Shaml', 'Cost Accountant', 47);
insert into jobs (id, date, experience_level, info, job_type, location, title, publisher_id) values (48, '10/24/2020', 3, 'Universal tangible synergy', 1, 'Gaoqiao', 'Dental Hygienist', 48);
insert into jobs (id, date, experience_level, info, job_type, location, title, publisher_id) values (49, '06/03/2021', 2, 'Programmable demand-driven complexity', 1, 'Andongrejo', 'Tax Accountant', 49);
insert into jobs (id, date, experience_level, info, job_type, location, title, publisher_id) values (50, '03/21/2021', 1, 'Public-key didactic website', 0, 'La Pea', 'Payment Adjustment Coordinator', 50);
insert into jobs (id, date, experience_level, info, job_type, location, title, publisher_id) values (51, '09/15/2021', 4, 'Reverse-engineered stable Graphical User Interface', 2, 'Kuta', 'Business Systems Development Analyst', 51);
insert into jobs (id, date, experience_level, info, job_type, location, title, publisher_id) values (52, '04/23/2021', 0, 'Profound optimizing toolset', 3, 'Xinan', 'Editor', 52);
insert into jobs (id, date, experience_level, info, job_type, location, title, publisher_id) values (53, '04/02/2021', 3, 'Expanded fault-tolerant policy', 0, 'Inari', 'Design Engineer', 53);
insert into jobs (id, date, experience_level, info, job_type, location, title, publisher_id) values (54, '01/26/2021', 4, 'Triple-buffered dynamic standardization', 1, 'Santa Cruz do Bispo', 'Statistician III', 54);
insert into jobs (id, date, experience_level, info, job_type, location, title, publisher_id) values (55, '11/07/2020', 2, 'Compatible radical matrices', 4, 'Surcubamba', 'Nurse Practicioner', 55);
insert into jobs (id, date, experience_level, info, job_type, location, title, publisher_id) values (56, '06/22/2021', 4, 'Open-architected content-based emulation', 2, 'Sukasirna', 'Developer III', 56);
insert into jobs (id, date, experience_level, info, job_type, location, title, publisher_id) values (57, '07/31/2021', 0, 'Profit-focused context-sensitive secured line', 4, 'Serrana', 'Clinical Specialist', 57);
insert into jobs (id, date, experience_level, info, job_type, location, title, publisher_id) values (58, '02/21/2021', 0, 'Focused optimal moratorium', 3, 'Chattanooga', 'Accountant II', 58);
insert into jobs (id, date, experience_level, info, job_type, location, title, publisher_id) values (59, '12/23/2020', 3, 'Stand-alone content-based secured line', 0, 'Hualfn', 'Director of Sales', 59);
insert into jobs (id, date, experience_level, info, job_type, location, title, publisher_id) values (60, '06/05/2021', 3, 'Devolved actuating throughput', 1, 'Studenec', 'Compensation Analyst', 60);
insert into jobs (id, date, experience_level, info, job_type, location, title, publisher_id) values (61, '06/10/2021', 2, 'Pre-emptive background encoding', 2, 'Montes Velhos', 'Actuary', 61);
insert into jobs (id, date, experience_level, info, job_type, location, title, publisher_id) values (62, '12/07/2020', 3, 'Front-line optimal knowledge user', 0, 'Gaomi', 'Engineer II', 62);
insert into jobs (id, date, experience_level, info, job_type, location, title, publisher_id) values (63, '12/01/2020', 3, 'Reduced multi-tasking solution', 4, 'Horn Lide', 'Director of Sales', 63);
insert into jobs (id, date, experience_level, info, job_type, location, title, publisher_id) values (64, '10/03/2020', 5, 'Networked grid-enabled matrices', 2, 'Pak Chong', 'Paralegal', 64);
insert into jobs (id, date, experience_level, info, job_type, location, title, publisher_id) values (65, '05/11/2021', 3, 'Profound grid-enabled alliance', 1, 'Kagoro', 'Food Chemist', 65);
insert into jobs (id, date, experience_level, info, job_type, location, title, publisher_id) values (66, '06/27/2021', 4, 'Monitored upward-trending encryption', 1, 'Banjar Ambengan', 'Account Coordinator', 66);
insert into jobs (id, date, experience_level, info, job_type, location, title, publisher_id) values (67, '10/23/2020', 1, 'Centralized intangible application', 0, 'Volta Redonda', 'Senior Sales Associate', 67);
insert into jobs (id, date, experience_level, info, job_type, location, title, publisher_id) values (68, '04/22/2021', 3, 'Customizable responsive instruction set', 0, 'Lukashin', 'Director of Sales', 68);
insert into jobs (id, date, experience_level, info, job_type, location, title, publisher_id) values (69, '04/13/2021', 5, 'Customizable human-resource pricing structure', 2, 'Yangying', 'Civil Engineer', 69);
insert into jobs (id, date, experience_level, info, job_type, location, title, publisher_id) values (70, '04/30/2021', 0, 'Distributed national intranet', 1, 'Kurjan', 'Compensation Analyst', 70);
insert into jobs (id, date, experience_level, info, job_type, location, title, publisher_id) values (71, '12/16/2020', 2, 'Team-oriented user-facing encryption', 1, 'Kharlu', 'Product Engineer', 71);
insert into jobs (id, date, experience_level, info, job_type, location, title, publisher_id) values (72, '01/06/2021', 0, 'Front-line demand-driven local area network', 3, 'Tasbget', 'Accounting Assistant IV', 72);
insert into jobs (id, date, experience_level, info, job_type, location, title, publisher_id) values (73, '06/13/2021', 0, 'Triple-buffered analyzing analyzer', 4, 'Mengla', 'Registered Nurse', 73);
insert into jobs (id, date, experience_level, info, job_type, location, title, publisher_id) values (74, '08/21/2021', 4, 'Down-sized zero tolerance definition', 4, 'Komsomolskiy', 'Assistant Manager', 74);
insert into jobs (id, date, experience_level, info, job_type, location, title, publisher_id) values (75, '08/22/2021', 5, 'Integrated multi-tasking archive', 2, 'Campo Largo', 'Executive Secretary', 75);
insert into jobs (id, date, experience_level, info, job_type, location, title, publisher_id) values (76, '04/28/2021', 1, 'Synergistic local product', 2, 'Fresno', 'Programmer Analyst II', 76);
insert into jobs (id, date, experience_level, info, job_type, location, title, publisher_id) values (77, '12/26/2020', 5, 'Progressive coherent artificial intelligence', 3, 'Gravelbourg', 'Payment Adjustment Coordinator', 77);
insert into jobs (id, date, experience_level, info, job_type, location, title, publisher_id) values (78, '06/14/2021', 0, 'Extended bi-directional collaboration', 3, 'Chaem Luang', 'Nuclear Power Engineer', 78);
insert into jobs (id, date, experience_level, info, job_type, location, title, publisher_id) values (79, '02/24/2021', 1, 'Function-based fault-tolerant implementation', 1, 'Wonorejo', 'Teacher', 79);
insert into jobs (id, date, experience_level, info, job_type, location, title, publisher_id) values (80, '06/06/2021', 5, 'Open-source web-enabled projection', 2, 'Louriceira', 'Information Systems Manager', 80);
insert into jobs (id, date, experience_level, info, job_type, location, title, publisher_id) values (81, '11/17/2020', 5, 'Fully-configurable discrete encoding', 0, 'Dorogobuzh', 'Systems Administrator I', 81);
insert into jobs (id, date, experience_level, info, job_type, location, title, publisher_id) values (82, '12/24/2020', 2, 'Face to face didactic productivity', 4, 'Koumac', 'Assistant Media Planner', 82);
insert into jobs (id, date, experience_level, info, job_type, location, title, publisher_id) values (83, '12/06/2020', 4, 'Future-proofed non-volatile utilisation', 2, 'Qinghe', 'Quality Engineer', 83);
insert into jobs (id, date, experience_level, info, job_type, location, title, publisher_id) values (84, '01/29/2021', 4, 'Fundamental stable encryption', 1, 'Asino', 'Marketing Assistant', 84);
insert into jobs (id, date, experience_level, info, job_type, location, title, publisher_id) values (85, '08/27/2021', 1, 'Cross-group optimizing knowledge user', 2, 'La Dorada', 'Office Assistant IV', 85);
insert into jobs (id, date, experience_level, info, job_type, location, title, publisher_id) values (86, '01/16/2021', 3, 'Reduced 24/7 flexibility', 4, 'Terezn', 'Legal Assistant', 86);
insert into jobs (id, date, experience_level, info, job_type, location, title, publisher_id) values (87, '03/03/2021', 2, 'Focused multi-state extranet', 3, 'Pinggirsari', 'Environmental Tech', 87);
insert into jobs (id, date, experience_level, info, job_type, location, title, publisher_id) values (88, '07/06/2021', 0, 'Multi-tiered leading edge workforce', 3, 'Piotrkw Kujawski', 'Administrative Assistant I', 88);
insert into jobs (id, date, experience_level, info, job_type, location, title, publisher_id) values (89, '05/12/2021', 3, 'Visionary 24/7 strategy', 2, 'Dolno Palite', 'Electrical Engineer', 89);
insert into jobs (id, date, experience_level, info, job_type, location, title, publisher_id) values (90, '01/11/2021', 4, 'Proactive secondary adapter', 2, 'Anchang', 'Business Systems Development Analyst', 90);
insert into jobs (id, date, experience_level, info, job_type, location, title, publisher_id) values (91, '10/18/2020', 3, 'Team-oriented multi-tasking Graphic Interface', 1, 'Shixi', 'Research Associate', 91);
insert into jobs (id, date, experience_level, info, job_type, location, title, publisher_id) values (92, '08/23/2021', 5, 'Fundamental human-resource alliance', 4, 'Virojoki', 'Programmer I', 92);
insert into jobs (id, date, experience_level, info, job_type, location, title, publisher_id) values (93, '04/09/2021', 5, 'Cross-group transitional firmware', 2, 'Damiao', 'Design Engineer', 93);
insert into jobs (id, date, experience_level, info, job_type, location, title, publisher_id) values (94, '06/08/2021', 0, 'Multi-lateral dedicated productivity', 0, 'Yiqi', 'Automation Specialist IV', 94);
insert into jobs (id, date, experience_level, info, job_type, location, title, publisher_id) values (95, '06/27/2021', 1, 'Virtual scalable structure', 1, 'Chipyela', 'Associate Professor', 95);
insert into jobs (id, date, experience_level, info, job_type, location, title, publisher_id) values (96, '07/29/2021', 4, 'Polarised maximized website', 0, 'Zhouzhuang', 'Paralegal', 96);
insert into jobs (id, date, experience_level, info, job_type, location, title, publisher_id) values (97, '01/04/2021', 5, 'Universal regional hierarchy', 4, 'Hecun', 'Data Coordiator', 97);
insert into jobs (id, date, experience_level, info, job_type, location, title, publisher_id) values (98, '04/04/2021', 0, 'Enterprise-wide full-range success', 0, 'Qufu', 'Accountant I', 98);
insert into jobs (id, date, experience_level, info, job_type, location, title, publisher_id) values (99, '08/19/2021', 4, 'Reactive multimedia complexity', 4, 'Ueki', 'Structural Analysis Engineer', 99);
insert into jobs (id, date, experience_level, info, job_type, location, title, publisher_id) values (100, '12/08/2020', 1, 'Reduced exuding alliance', 3, 'Pansoy', 'Analyst Programmer', 100);


insert into job_tags (job_id, tag_id) values (4, 24);
insert into job_tags (job_id, tag_id) values (96, 3);
insert into job_tags (job_id, tag_id) values (90, 21);
insert into job_tags (job_id, tag_id) values (86, 42);
insert into job_tags (job_id, tag_id) values (86, 2);
insert into job_tags (job_id, tag_id) values (47, 1);
insert into job_tags (job_id, tag_id) values (90, 32);
insert into job_tags (job_id, tag_id) values (48, 44);
insert into job_tags (job_id, tag_id) values (45, 10);
insert into job_tags (job_id, tag_id) values (79, 41);
insert into job_tags (job_id, tag_id) values (76, 51);
insert into job_tags (job_id, tag_id) values (60, 37);
insert into job_tags (job_id, tag_id) values (85, 39);
insert into job_tags (job_id, tag_id) values (76, 51);
insert into job_tags (job_id, tag_id) values (49, 34);
insert into job_tags (job_id, tag_id) values (36, 35);
insert into job_tags (job_id, tag_id) values (60, 19);
insert into job_tags (job_id, tag_id) values (95, 24);
insert into job_tags (job_id, tag_id) values (46, 17);
insert into job_tags (job_id, tag_id) values (24, 28);
insert into job_tags (job_id, tag_id) values (91, 36);
insert into job_tags (job_id, tag_id) values (71, 37);
insert into job_tags (job_id, tag_id) values (24, 21);
insert into job_tags (job_id, tag_id) values (59, 2);
insert into job_tags (job_id, tag_id) values (98, 40);
insert into job_tags (job_id, tag_id) values (3, 42);
insert into job_tags (job_id, tag_id) values (53, 36);
insert into job_tags (job_id, tag_id) values (23, 32);
insert into job_tags (job_id, tag_id) values (7, 1);
insert into job_tags (job_id, tag_id) values (66, 34);
insert into job_tags (job_id, tag_id) values (35, 28);
insert into job_tags (job_id, tag_id) values (8, 34);
insert into job_tags (job_id, tag_id) values (61, 51);
insert into job_tags (job_id, tag_id) values (22, 29);
insert into job_tags (job_id, tag_id) values (43, 34);
insert into job_tags (job_id, tag_id) values (19, 49);
insert into job_tags (job_id, tag_id) values (82, 16);
insert into job_tags (job_id, tag_id) values (69, 50);
insert into job_tags (job_id, tag_id) values (87, 40);
insert into job_tags (job_id, tag_id) values (56, 33);
insert into job_tags (job_id, tag_id) values (13, 8);
insert into job_tags (job_id, tag_id) values (12, 1);
insert into job_tags (job_id, tag_id) values (68, 7);
insert into job_tags (job_id, tag_id) values (86, 1);
insert into job_tags (job_id, tag_id) values (44, 11);
insert into job_tags (job_id, tag_id) values (2, 20);
insert into job_tags (job_id, tag_id) values (36, 27);
insert into job_tags (job_id, tag_id) values (40, 17);
insert into job_tags (job_id, tag_id) values (53, 49);
insert into job_tags (job_id, tag_id) values (77, 27);
insert into job_tags (job_id, tag_id) values (35, 7);
insert into job_tags (job_id, tag_id) values (49, 35);
insert into job_tags (job_id, tag_id) values (13, 39);
insert into job_tags (job_id, tag_id) values (78, 22);
insert into job_tags (job_id, tag_id) values (52, 42);
insert into job_tags (job_id, tag_id) values (19, 16);
insert into job_tags (job_id, tag_id) values (81, 16);
insert into job_tags (job_id, tag_id) values (43, 10);
insert into job_tags (job_id, tag_id) values (68, 30);
insert into job_tags (job_id, tag_id) values (24, 16);
insert into job_tags (job_id, tag_id) values (35, 40);
insert into job_tags (job_id, tag_id) values (2, 25);
insert into job_tags (job_id, tag_id) values (43, 43);
insert into job_tags (job_id, tag_id) values (72, 12);
insert into job_tags (job_id, tag_id) values (9, 16);
insert into job_tags (job_id, tag_id) values (54, 48);
insert into job_tags (job_id, tag_id) values (66, 43);
insert into job_tags (job_id, tag_id) values (33, 7);
insert into job_tags (job_id, tag_id) values (99, 28);
insert into job_tags (job_id, tag_id) values (55, 32);
insert into job_tags (job_id, tag_id) values (95, 42);
insert into job_tags (job_id, tag_id) values (19, 18);
insert into job_tags (job_id, tag_id) values (9, 39);
insert into job_tags (job_id, tag_id) values (77, 41);
insert into job_tags (job_id, tag_id) values (88, 38);
insert into job_tags (job_id, tag_id) values (74, 24);
insert into job_tags (job_id, tag_id) values (44, 25);
insert into job_tags (job_id, tag_id) values (65, 41);
insert into job_tags (job_id, tag_id) values (13, 30);
insert into job_tags (job_id, tag_id) values (1, 44);
insert into job_tags (job_id, tag_id) values (58, 4);
insert into job_tags (job_id, tag_id) values (28, 27);
insert into job_tags (job_id, tag_id) values (17, 5);
insert into job_tags (job_id, tag_id) values (67, 18);
insert into job_tags (job_id, tag_id) values (26, 2);
insert into job_tags (job_id, tag_id) values (63, 40);
insert into job_tags (job_id, tag_id) values (98, 32);
insert into job_tags (job_id, tag_id) values (58, 37);
insert into job_tags (job_id, tag_id) values (97, 8);
insert into job_tags (job_id, tag_id) values (88, 6);
insert into job_tags (job_id, tag_id) values (2, 15);
insert into job_tags (job_id, tag_id) values (2, 41);
insert into job_tags (job_id, tag_id) values (33, 39);
insert into job_tags (job_id, tag_id) values (45, 10);
insert into job_tags (job_id, tag_id) values (9, 48);
insert into job_tags (job_id, tag_id) values (17, 4);
insert into job_tags (job_id, tag_id) values (27, 13);
insert into job_tags (job_id, tag_id) values (10, 44);
insert into job_tags (job_id, tag_id) values (16, 5);
insert into job_tags (job_id, tag_id) values (39, 45);
insert into job_tags (job_id, tag_id) values (30, 20);
insert into job_tags (job_id, tag_id) values (78, 29);
insert into job_tags (job_id, tag_id) values (15, 38);
insert into job_tags (job_id, tag_id) values (60, 29);
insert into job_tags (job_id, tag_id) values (48, 35);
insert into job_tags (job_id, tag_id) values (77, 23);
insert into job_tags (job_id, tag_id) values (8, 20);
insert into job_tags (job_id, tag_id) values (56, 22);
insert into job_tags (job_id, tag_id) values (48, 34);
insert into job_tags (job_id, tag_id) values (63, 7);
insert into job_tags (job_id, tag_id) values (15, 14);
insert into job_tags (job_id, tag_id) values (85, 8);
insert into job_tags (job_id, tag_id) values (28, 6);
insert into job_tags (job_id, tag_id) values (68, 19);
insert into job_tags (job_id, tag_id) values (39, 38);
insert into job_tags (job_id, tag_id) values (51, 22);
insert into job_tags (job_id, tag_id) values (96, 13);
insert into job_tags (job_id, tag_id) values (58, 19);
insert into job_tags (job_id, tag_id) values (67, 41);
insert into job_tags (job_id, tag_id) values (93, 31);
insert into job_tags (job_id, tag_id) values (73, 38);
insert into job_tags (job_id, tag_id) values (56, 10);
insert into job_tags (job_id, tag_id) values (40, 40);
insert into job_tags (job_id, tag_id) values (32, 25);
insert into job_tags (job_id, tag_id) values (68, 47);
insert into job_tags (job_id, tag_id) values (25, 23);
insert into job_tags (job_id, tag_id) values (24, 13);
insert into job_tags (job_id, tag_id) values (77, 50);
insert into job_tags (job_id, tag_id) values (1, 15);
insert into job_tags (job_id, tag_id) values (44, 48);
insert into job_tags (job_id, tag_id) values (70, 9);
insert into job_tags (job_id, tag_id) values (37, 41);
insert into job_tags (job_id, tag_id) values (62, 8);
insert into job_tags (job_id, tag_id) values (33, 32);
insert into job_tags (job_id, tag_id) values (12, 49);
insert into job_tags (job_id, tag_id) values (7, 18);
insert into job_tags (job_id, tag_id) values (45, 21);
insert into job_tags (job_id, tag_id) values (1, 27);
insert into job_tags (job_id, tag_id) values (80, 40);
insert into job_tags (job_id, tag_id) values (34, 10);
insert into job_tags (job_id, tag_id) values (89, 7);
insert into job_tags (job_id, tag_id) values (63, 33);
insert into job_tags (job_id, tag_id) values (27, 18);
insert into job_tags (job_id, tag_id) values (54, 6);
insert into job_tags (job_id, tag_id) values (26, 39);
insert into job_tags (job_id, tag_id) values (99, 40);
insert into job_tags (job_id, tag_id) values (65, 21);
insert into job_tags (job_id, tag_id) values (23, 17);
insert into job_tags (job_id, tag_id) values (61, 40);
insert into job_tags (job_id, tag_id) values (17, 5);
insert into job_tags (job_id, tag_id) values (47, 45);
insert into job_tags (job_id, tag_id) values (99, 39);
insert into job_tags (job_id, tag_id) values (26, 37);
insert into job_tags (job_id, tag_id) values (70, 47);
insert into job_tags (job_id, tag_id) values (42, 39);
insert into job_tags (job_id, tag_id) values (11, 45);
insert into job_tags (job_id, tag_id) values (23, 19);
insert into job_tags (job_id, tag_id) values (56, 33);
insert into job_tags (job_id, tag_id) values (66, 1);
insert into job_tags (job_id, tag_id) values (9, 20);
insert into job_tags (job_id, tag_id) values (77, 50);
insert into job_tags (job_id, tag_id) values (37, 9);
insert into job_tags (job_id, tag_id) values (96, 15);
insert into job_tags (job_id, tag_id) values (86, 12);
insert into job_tags (job_id, tag_id) values (30, 29);
insert into job_tags (job_id, tag_id) values (95, 12);
insert into job_tags (job_id, tag_id) values (92, 33);
insert into job_tags (job_id, tag_id) values (59, 21);
insert into job_tags (job_id, tag_id) values (9, 43);
insert into job_tags (job_id, tag_id) values (53, 42);
insert into job_tags (job_id, tag_id) values (38, 12);
insert into job_tags (job_id, tag_id) values (95, 23);
insert into job_tags (job_id, tag_id) values (42, 40);
insert into job_tags (job_id, tag_id) values (96, 2);
insert into job_tags (job_id, tag_id) values (16, 19);
insert into job_tags (job_id, tag_id) values (98, 15);
insert into job_tags (job_id, tag_id) values (68, 22);
insert into job_tags (job_id, tag_id) values (10, 50);
insert into job_tags (job_id, tag_id) values (85, 40);
insert into job_tags (job_id, tag_id) values (9, 3);
insert into job_tags (job_id, tag_id) values (70, 10);
insert into job_tags (job_id, tag_id) values (69, 6);
insert into job_tags (job_id, tag_id) values (62, 31);
insert into job_tags (job_id, tag_id) values (16, 14);
insert into job_tags (job_id, tag_id) values (3, 17);
insert into job_tags (job_id, tag_id) values (66, 17);
insert into job_tags (job_id, tag_id) values (95, 29);
insert into job_tags (job_id, tag_id) values (3, 22);
insert into job_tags (job_id, tag_id) values (97, 39);
insert into job_tags (job_id, tag_id) values (40, 49);
insert into job_tags (job_id, tag_id) values (25, 40);
insert into job_tags (job_id, tag_id) values (72, 17);
insert into job_tags (job_id, tag_id) values (68, 39);
insert into job_tags (job_id, tag_id) values (48, 44);
insert into job_tags (job_id, tag_id) values (62, 36);
insert into job_tags (job_id, tag_id) values (85, 32);
insert into job_tags (job_id, tag_id) values (48, 48);
insert into job_tags (job_id, tag_id) values (53, 46);
insert into job_tags (job_id, tag_id) values (21, 24);
insert into job_tags (job_id, tag_id) values (73, 12);
insert into job_tags (job_id, tag_id) values (74, 49);
insert into job_tags (job_id, tag_id) values (75, 28);
insert into job_tags (job_id, tag_id) values (76, 25);
insert into job_tags (job_id, tag_id) values (94, 47);
insert into job_tags (job_id, tag_id) values (95, 3);
insert into job_tags (job_id, tag_id) values (81, 40);
insert into job_tags (job_id, tag_id) values (6, 17);
insert into job_tags (job_id, tag_id) values (82, 41);
insert into job_tags (job_id, tag_id) values (34, 27);
insert into job_tags (job_id, tag_id) values (71, 12);
insert into job_tags (job_id, tag_id) values (8, 39);
insert into job_tags (job_id, tag_id) values (29, 13);
insert into job_tags (job_id, tag_id) values (31, 19);
insert into job_tags (job_id, tag_id) values (66, 2);
insert into job_tags (job_id, tag_id) values (50, 4);
insert into job_tags (job_id, tag_id) values (49, 3);
insert into job_tags (job_id, tag_id) values (88, 2);
insert into job_tags (job_id, tag_id) values (61, 7);
insert into job_tags (job_id, tag_id) values (48, 31);
insert into job_tags (job_id, tag_id) values (59, 24);
insert into job_tags (job_id, tag_id) values (47, 2);
insert into job_tags (job_id, tag_id) values (31, 14);
insert into job_tags (job_id, tag_id) values (76, 12);
insert into job_tags (job_id, tag_id) values (8, 45);
insert into job_tags (job_id, tag_id) values (13, 20);
insert into job_tags (job_id, tag_id) values (5, 9);
insert into job_tags (job_id, tag_id) values (72, 19);
insert into job_tags (job_id, tag_id) values (15, 1);
insert into job_tags (job_id, tag_id) values (91, 49);
insert into job_tags (job_id, tag_id) values (58, 49);
insert into job_tags (job_id, tag_id) values (50, 47);
insert into job_tags (job_id, tag_id) values (67, 48);
insert into job_tags (job_id, tag_id) values (23, 6);
insert into job_tags (job_id, tag_id) values (22, 26);
insert into job_tags (job_id, tag_id) values (96, 51);
insert into job_tags (job_id, tag_id) values (59, 27);
insert into job_tags (job_id, tag_id) values (30, 42);
insert into job_tags (job_id, tag_id) values (70, 12);
insert into job_tags (job_id, tag_id) values (59, 13);
insert into job_tags (job_id, tag_id) values (29, 49);
insert into job_tags (job_id, tag_id) values (2, 10);
insert into job_tags (job_id, tag_id) values (42, 48);
insert into job_tags (job_id, tag_id) values (18, 32);
insert into job_tags (job_id, tag_id) values (16, 21);
insert into job_tags (job_id, tag_id) values (82, 5);
insert into job_tags (job_id, tag_id) values (26, 12);
insert into job_tags (job_id, tag_id) values (58, 16);
insert into job_tags (job_id, tag_id) values (87, 8);
insert into job_tags (job_id, tag_id) values (33, 12);
insert into job_tags (job_id, tag_id) values (92, 21);
insert into job_tags (job_id, tag_id) values (73, 37);
insert into job_tags (job_id, tag_id) values (43, 5);
insert into job_tags (job_id, tag_id) values (26, 48);
insert into job_tags (job_id, tag_id) values (83, 25);
insert into job_tags (job_id, tag_id) values (80, 12);
insert into job_tags (job_id, tag_id) values (49, 21);
insert into job_tags (job_id, tag_id) values (51, 9);
insert into job_tags (job_id, tag_id) values (55, 49);
insert into job_tags (job_id, tag_id) values (40, 47);
insert into job_tags (job_id, tag_id) values (47, 51);
insert into job_tags (job_id, tag_id) values (95, 37);
insert into job_tags (job_id, tag_id) values (82, 35);
insert into job_tags (job_id, tag_id) values (23, 39);
insert into job_tags (job_id, tag_id) values (81, 10);
insert into job_tags (job_id, tag_id) values (10, 45);
insert into job_tags (job_id, tag_id) values (92, 35);
insert into job_tags (job_id, tag_id) values (59, 31);
insert into job_tags (job_id, tag_id) values (47, 18);
insert into job_tags (job_id, tag_id) values (22, 28);
insert into job_tags (job_id, tag_id) values (29, 36);
insert into job_tags (job_id, tag_id) values (57, 36);
insert into job_tags (job_id, tag_id) values (54, 15);
insert into job_tags (job_id, tag_id) values (60, 47);
insert into job_tags (job_id, tag_id) values (51, 27);
insert into job_tags (job_id, tag_id) values (50, 28);
insert into job_tags (job_id, tag_id) values (94, 8);
insert into job_tags (job_id, tag_id) values (99, 50);
insert into job_tags (job_id, tag_id) values (68, 5);
insert into job_tags (job_id, tag_id) values (5, 51);
insert into job_tags (job_id, tag_id) values (6, 4);
insert into job_tags (job_id, tag_id) values (93, 28);
insert into job_tags (job_id, tag_id) values (96, 16);
insert into job_tags (job_id, tag_id) values (91, 1);
insert into job_tags (job_id, tag_id) values (35, 15);
insert into job_tags (job_id, tag_id) values (100, 37);
insert into job_tags (job_id, tag_id) values (7, 38);
insert into job_tags (job_id, tag_id) values (26, 14);
insert into job_tags (job_id, tag_id) values (86, 41);
insert into job_tags (job_id, tag_id) values (4, 14);
insert into job_tags (job_id, tag_id) values (50, 11);
insert into job_tags (job_id, tag_id) values (92, 14);
insert into job_tags (job_id, tag_id) values (35, 2);
insert into job_tags (job_id, tag_id) values (25, 4);
insert into job_tags (job_id, tag_id) values (21, 34);
insert into job_tags (job_id, tag_id) values (13, 18);
insert into job_tags (job_id, tag_id) values (92, 4);
insert into job_tags (job_id, tag_id) values (33, 4);
insert into job_tags (job_id, tag_id) values (79, 1);
insert into job_tags (job_id, tag_id) values (7, 7);
insert into job_tags (job_id, tag_id) values (44, 14);
insert into job_tags (job_id, tag_id) values (76, 11);
insert into job_tags (job_id, tag_id) values (41, 42);
insert into job_tags (job_id, tag_id) values (65, 37);
insert into job_tags (job_id, tag_id) values (14, 22);
insert into job_tags (job_id, tag_id) values (22, 19);
insert into job_tags (job_id, tag_id) values (24, 40);
insert into job_tags (job_id, tag_id) values (1, 42);
insert into job_tags (job_id, tag_id) values (45, 36);
insert into job_tags (job_id, tag_id) values (97, 41);
insert into job_tags (job_id, tag_id) values (93, 17);
insert into job_tags (job_id, tag_id) values (63, 14);
insert into job_tags (job_id, tag_id) values (1, 48);
insert into job_tags (job_id, tag_id) values (36, 4);
insert into job_tags (job_id, tag_id) values (11, 26);
insert into job_tags (job_id, tag_id) values (56, 48);
insert into job_tags (job_id, tag_id) values (52, 4);
insert into job_tags (job_id, tag_id) values (37, 51);
insert into job_tags (job_id, tag_id) values (13, 43);
insert into job_tags (job_id, tag_id) values (14, 42);
insert into job_tags (job_id, tag_id) values (29, 10);
insert into job_tags (job_id, tag_id) values (38, 47);
insert into job_tags (job_id, tag_id) values (46, 13);
insert into job_tags (job_id, tag_id) values (52, 1);
insert into job_tags (job_id, tag_id) values (89, 17);
insert into job_tags (job_id, tag_id) values (34, 15);
insert into job_tags (job_id, tag_id) values (24, 23);
insert into job_tags (job_id, tag_id) values (62, 45);
insert into job_tags (job_id, tag_id) values (12, 5);
insert into job_tags (job_id, tag_id) values (20, 49);
insert into job_tags (job_id, tag_id) values (61, 50);
insert into job_tags (job_id, tag_id) values (35, 7);
insert into job_tags (job_id, tag_id) values (39, 47);
insert into job_tags (job_id, tag_id) values (13, 51);
insert into job_tags (job_id, tag_id) values (45, 20);
insert into job_tags (job_id, tag_id) values (34, 36);
insert into job_tags (job_id, tag_id) values (99, 36);
insert into job_tags (job_id, tag_id) values (30, 22);
insert into job_tags (job_id, tag_id) values (95, 48);
insert into job_tags (job_id, tag_id) values (3, 33);
insert into job_tags (job_id, tag_id) values (40, 7);
insert into job_tags (job_id, tag_id) values (35, 4);
insert into job_tags (job_id, tag_id) values (35, 10);
insert into job_tags (job_id, tag_id) values (41, 10);
insert into job_tags (job_id, tag_id) values (41, 3);
insert into job_tags (job_id, tag_id) values (35, 30);
insert into job_tags (job_id, tag_id) values (64, 36);
insert into job_tags (job_id, tag_id) values (66, 45);
insert into job_tags (job_id, tag_id) values (43, 40);
insert into job_tags (job_id, tag_id) values (29, 19);
insert into job_tags (job_id, tag_id) values (32, 19);
insert into job_tags (job_id, tag_id) values (9, 25);
insert into job_tags (job_id, tag_id) values (21, 25);
insert into job_tags (job_id, tag_id) values (71, 14);
insert into job_tags (job_id, tag_id) values (83, 4);
insert into job_tags (job_id, tag_id) values (36, 37);
insert into job_tags (job_id, tag_id) values (83, 29);
insert into job_tags (job_id, tag_id) values (73, 28);
insert into job_tags (job_id, tag_id) values (24, 11);
insert into job_tags (job_id, tag_id) values (41, 14);
insert into job_tags (job_id, tag_id) values (28, 13);
insert into job_tags (job_id, tag_id) values (42, 4);
insert into job_tags (job_id, tag_id) values (28, 41);
insert into job_tags (job_id, tag_id) values (51, 13);
insert into job_tags (job_id, tag_id) values (32, 37);
insert into job_tags (job_id, tag_id) values (46, 39);
insert into job_tags (job_id, tag_id) values (44, 16);
insert into job_tags (job_id, tag_id) values (64, 36);
insert into job_tags (job_id, tag_id) values (54, 36);
insert into job_tags (job_id, tag_id) values (75, 5);
insert into job_tags (job_id, tag_id) values (17, 3);
insert into job_tags (job_id, tag_id) values (97, 48);
insert into job_tags (job_id, tag_id) values (18, 21);
insert into job_tags (job_id, tag_id) values (73, 27);
insert into job_tags (job_id, tag_id) values (93, 6);
insert into job_tags (job_id, tag_id) values (96, 37);
insert into job_tags (job_id, tag_id) values (42, 28);
insert into job_tags (job_id, tag_id) values (82, 24);
insert into job_tags (job_id, tag_id) values (68, 19);
insert into job_tags (job_id, tag_id) values (61, 4);
insert into job_tags (job_id, tag_id) values (41, 42);
insert into job_tags (job_id, tag_id) values (40, 33);
insert into job_tags (job_id, tag_id) values (63, 15);
insert into job_tags (job_id, tag_id) values (9, 15);
insert into job_tags (job_id, tag_id) values (10, 2);
insert into job_tags (job_id, tag_id) values (82, 16);
insert into job_tags (job_id, tag_id) values (56, 26);
insert into job_tags (job_id, tag_id) values (60, 42);
insert into job_tags (job_id, tag_id) values (43, 34);
insert into job_tags (job_id, tag_id) values (21, 1);
insert into job_tags (job_id, tag_id) values (68, 4);
insert into job_tags (job_id, tag_id) values (44, 19);
insert into job_tags (job_id, tag_id) values (13, 12);
insert into job_tags (job_id, tag_id) values (32, 25);
insert into job_tags (job_id, tag_id) values (21, 44);
insert into job_tags (job_id, tag_id) values (13, 34);
insert into job_tags (job_id, tag_id) values (53, 17);
insert into job_tags (job_id, tag_id) values (99, 45);
insert into job_tags (job_id, tag_id) values (37, 44);
insert into job_tags (job_id, tag_id) values (98, 21);
insert into job_tags (job_id, tag_id) values (23, 39);
insert into job_tags (job_id, tag_id) values (81, 50);
insert into job_tags (job_id, tag_id) values (39, 31);
insert into job_tags (job_id, tag_id) values (74, 14);
insert into job_tags (job_id, tag_id) values (76, 7);
insert into job_tags (job_id, tag_id) values (9, 7);
insert into job_tags (job_id, tag_id) values (73, 18);
insert into job_tags (job_id, tag_id) values (55, 10);
insert into job_tags (job_id, tag_id) values (8, 4);
insert into job_tags (job_id, tag_id) values (5, 12);
insert into job_tags (job_id, tag_id) values (92, 4);
insert into job_tags (job_id, tag_id) values (5, 43);
insert into job_tags (job_id, tag_id) values (70, 45);
insert into job_tags (job_id, tag_id) values (87, 37);
insert into job_tags (job_id, tag_id) values (93, 49);
insert into job_tags (job_id, tag_id) values (63, 13);
insert into job_tags (job_id, tag_id) values (71, 44);
insert into job_tags (job_id, tag_id) values (62, 43);
insert into job_tags (job_id, tag_id) values (23, 3);
insert into job_tags (job_id, tag_id) values (58, 47);
insert into job_tags (job_id, tag_id) values (70, 42);
insert into job_tags (job_id, tag_id) values (93, 27);
insert into job_tags (job_id, tag_id) values (82, 43);
insert into job_tags (job_id, tag_id) values (83, 51);
insert into job_tags (job_id, tag_id) values (96, 49);
insert into job_tags (job_id, tag_id) values (65, 49);
insert into job_tags (job_id, tag_id) values (89, 31);
insert into job_tags (job_id, tag_id) values (90, 9);
insert into job_tags (job_id, tag_id) values (15, 35);
insert into job_tags (job_id, tag_id) values (46, 37);
insert into job_tags (job_id, tag_id) values (2, 3);
insert into job_tags (job_id, tag_id) values (43, 33);
insert into job_tags (job_id, tag_id) values (60, 7);
insert into job_tags (job_id, tag_id) values (6, 20);
insert into job_tags (job_id, tag_id) values (49, 21);
insert into job_tags (job_id, tag_id) values (64, 38);
insert into job_tags (job_id, tag_id) values (30, 20);
insert into job_tags (job_id, tag_id) values (3, 15);
insert into job_tags (job_id, tag_id) values (25, 42);
insert into job_tags (job_id, tag_id) values (81, 4);
insert into job_tags (job_id, tag_id) values (10, 45);
insert into job_tags (job_id, tag_id) values (78, 23);
insert into job_tags (job_id, tag_id) values (16, 36);
insert into job_tags (job_id, tag_id) values (60, 4);
insert into job_tags (job_id, tag_id) values (85, 49);
insert into job_tags (job_id, tag_id) values (36, 25);
insert into job_tags (job_id, tag_id) values (60, 26);
insert into job_tags (job_id, tag_id) values (86, 13);
insert into job_tags (job_id, tag_id) values (17, 50);
insert into job_tags (job_id, tag_id) values (16, 39);
insert into job_tags (job_id, tag_id) values (5, 30);
insert into job_tags (job_id, tag_id) values (43, 41);
insert into job_tags (job_id, tag_id) values (67, 48);
insert into job_tags (job_id, tag_id) values (9, 47);
insert into job_tags (job_id, tag_id) values (87, 46);
insert into job_tags (job_id, tag_id) values (31, 33);
insert into job_tags (job_id, tag_id) values (1, 39);
insert into job_tags (job_id, tag_id) values (16, 40);
insert into job_tags (job_id, tag_id) values (93, 8);
insert into job_tags (job_id, tag_id) values (65, 41);
insert into job_tags (job_id, tag_id) values (17, 29);
insert into job_tags (job_id, tag_id) values (89, 5);
insert into job_tags (job_id, tag_id) values (66, 29);
insert into job_tags (job_id, tag_id) values (52, 34);
insert into job_tags (job_id, tag_id) values (65, 19);
insert into job_tags (job_id, tag_id) values (97, 44);
insert into job_tags (job_id, tag_id) values (89, 14);
insert into job_tags (job_id, tag_id) values (66, 1);
insert into job_tags (job_id, tag_id) values (86, 24);
insert into job_tags (job_id, tag_id) values (98, 25);
insert into job_tags (job_id, tag_id) values (39, 12);
insert into job_tags (job_id, tag_id) values (54, 12);
insert into job_tags (job_id, tag_id) values (11, 47);
insert into job_tags (job_id, tag_id) values (28, 27);
insert into job_tags (job_id, tag_id) values (83, 40);
insert into job_tags (job_id, tag_id) values (21, 15);
insert into job_tags (job_id, tag_id) values (17, 11);
insert into job_tags (job_id, tag_id) values (74, 14);
insert into job_tags (job_id, tag_id) values (73, 10);
insert into job_tags (job_id, tag_id) values (73, 7);
insert into job_tags (job_id, tag_id) values (1, 48);
insert into job_tags (job_id, tag_id) values (91, 23);
insert into job_tags (job_id, tag_id) values (92, 11);
insert into job_tags (job_id, tag_id) values (98, 14);
insert into job_tags (job_id, tag_id) values (93, 21);
insert into job_tags (job_id, tag_id) values (42, 44);
insert into job_tags (job_id, tag_id) values (79, 41);
insert into job_tags (job_id, tag_id) values (99, 38);
insert into job_tags (job_id, tag_id) values (85, 24);
insert into job_tags (job_id, tag_id) values (37, 49);
insert into job_tags (job_id, tag_id) values (53, 4);
insert into job_tags (job_id, tag_id) values (10, 25);
insert into job_tags (job_id, tag_id) values (9, 1);
insert into job_tags (job_id, tag_id) values (52, 9);
insert into job_tags (job_id, tag_id) values (20, 47);
insert into job_tags (job_id, tag_id) values (83, 22);
insert into job_tags (job_id, tag_id) values (1, 11);
insert into job_tags (job_id, tag_id) values (88, 39);
insert into job_tags (job_id, tag_id) values (20, 3);
insert into job_tags (job_id, tag_id) values (11, 12);
insert into job_tags (job_id, tag_id) values (37, 50);
insert into job_tags (job_id, tag_id) values (70, 17);
insert into job_tags (job_id, tag_id) values (38, 36);
insert into job_tags (job_id, tag_id) values (57, 25);
insert into job_tags (job_id, tag_id) values (19, 24);
insert into job_tags (job_id, tag_id) values (38, 49);
insert into job_tags (job_id, tag_id) values (77, 11);
insert into job_tags (job_id, tag_id) values (13, 18);
insert into job_tags (job_id, tag_id) values (32, 23);
insert into job_tags (job_id, tag_id) values (6, 38);
insert into job_tags (job_id, tag_id) values (60, 41);
insert into job_tags (job_id, tag_id) values (59, 30);
insert into job_tags (job_id, tag_id) values (4, 33);
insert into job_tags (job_id, tag_id) values (79, 44);
insert into job_tags (job_id, tag_id) values (31, 2);
insert into job_tags (job_id, tag_id) values (36, 6);
insert into job_tags (job_id, tag_id) values (3, 21);
insert into job_tags (job_id, tag_id) values (43, 8);
insert into job_tags (job_id, tag_id) values (70, 37);
insert into job_tags (job_id, tag_id) values (93, 27);
insert into job_tags (job_id, tag_id) values (10, 48);
insert into job_tags (job_id, tag_id) values (29, 32);
insert into job_tags (job_id, tag_id) values (41, 3);
insert into job_tags (job_id, tag_id) values (63, 13);
insert into job_tags (job_id, tag_id) values (75, 40);
insert into job_tags (job_id, tag_id) values (53, 44);
insert into job_tags (job_id, tag_id) values (74, 28);
insert into job_tags (job_id, tag_id) values (96, 30);
insert into job_tags (job_id, tag_id) values (56, 39);
insert into job_tags (job_id, tag_id) values (14, 9);
insert into job_tags (job_id, tag_id) values (48, 46);
insert into job_tags (job_id, tag_id) values (21, 14);
insert into job_tags (job_id, tag_id) values (20, 13);
insert into job_tags (job_id, tag_id) values (96, 9);
insert into job_tags (job_id, tag_id) values (99, 15);
insert into job_tags (job_id, tag_id) values (47, 15);
insert into job_tags (job_id, tag_id) values (98, 11);
insert into job_tags (job_id, tag_id) values (21, 37);
insert into job_tags (job_id, tag_id) values (84, 29);
insert into job_tags (job_id, tag_id) values (27, 12);
insert into job_tags (job_id, tag_id) values (56, 31);
insert into job_tags (job_id, tag_id) values (27, 17);
insert into job_tags (job_id, tag_id) values (53, 27);
insert into job_tags (job_id, tag_id) values (80, 24);
insert into job_tags (job_id, tag_id) values (7, 15);
insert into job_tags (job_id, tag_id) values (75, 47);
insert into job_tags (job_id, tag_id) values (6, 17);
insert into job_tags (job_id, tag_id) values (78, 19);
insert into job_tags (job_id, tag_id) values (30, 12);
insert into job_tags (job_id, tag_id) values (4, 33);
insert into job_tags (job_id, tag_id) values (49, 27);
insert into job_tags (job_id, tag_id) values (23, 11);
insert into job_tags (job_id, tag_id) values (1, 9);
insert into job_tags (job_id, tag_id) values (78, 29);
insert into job_tags (job_id, tag_id) values (65, 8);
insert into job_tags (job_id, tag_id) values (68, 21);
insert into job_tags (job_id, tag_id) values (71, 12);
insert into job_tags (job_id, tag_id) values (46, 1);
insert into job_tags (job_id, tag_id) values (24, 46);
insert into job_tags (job_id, tag_id) values (71, 5);
insert into job_tags (job_id, tag_id) values (75, 14);
insert into job_tags (job_id, tag_id) values (73, 32);
insert into job_tags (job_id, tag_id) values (24, 13);
insert into job_tags (job_id, tag_id) values (4, 44);
insert into job_tags (job_id, tag_id) values (13, 24);
insert into job_tags (job_id, tag_id) values (11, 8);
insert into job_tags (job_id, tag_id) values (90, 34);
insert into job_tags (job_id, tag_id) values (69, 17);
insert into job_tags (job_id, tag_id) values (19, 28);
insert into job_tags (job_id, tag_id) values (93, 13);
insert into job_tags (job_id, tag_id) values (72, 27);
insert into job_tags (job_id, tag_id) values (72, 6);
insert into job_tags (job_id, tag_id) values (66, 22);
insert into job_tags (job_id, tag_id) values (14, 23);
insert into job_tags (job_id, tag_id) values (72, 23);
insert into job_tags (job_id, tag_id) values (44, 15);
insert into job_tags (job_id, tag_id) values (8, 2);
insert into job_tags (job_id, tag_id) values (17, 44);
insert into job_tags (job_id, tag_id) values (40, 51);
insert into job_tags (job_id, tag_id) values (76, 12);
insert into job_tags (job_id, tag_id) values (97, 35);
insert into job_tags (job_id, tag_id) values (20, 19);
insert into job_tags (job_id, tag_id) values (16, 31);
insert into job_tags (job_id, tag_id) values (59, 19);
insert into job_tags (job_id, tag_id) values (63, 47);
insert into job_tags (job_id, tag_id) values (79, 20);
insert into job_tags (job_id, tag_id) values (51, 16);
insert into job_tags (job_id, tag_id) values (76, 9);
insert into job_tags (job_id, tag_id) values (87, 25);
insert into job_tags (job_id, tag_id) values (89, 28);
insert into job_tags (job_id, tag_id) values (47, 49);
insert into job_tags (job_id, tag_id) values (21, 39);
insert into job_tags (job_id, tag_id) values (83, 34);
insert into job_tags (job_id, tag_id) values (2, 43);
insert into job_tags (job_id, tag_id) values (66, 14);
insert into job_tags (job_id, tag_id) values (51, 10);
insert into job_tags (job_id, tag_id) values (67, 35);
insert into job_tags (job_id, tag_id) values (81, 1);
insert into job_tags (job_id, tag_id) values (59, 19);
insert into job_tags (job_id, tag_id) values (7, 45);
insert into job_tags (job_id, tag_id) values (76, 38);
insert into job_tags (job_id, tag_id) values (33, 29);
insert into job_tags (job_id, tag_id) values (94, 27);
insert into job_tags (job_id, tag_id) values (92, 27);
insert into job_tags (job_id, tag_id) values (40, 14);
insert into job_tags (job_id, tag_id) values (46, 29);
insert into job_tags (job_id, tag_id) values (50, 34);
insert into job_tags (job_id, tag_id) values (14, 48);
insert into job_tags (job_id, tag_id) values (30, 50);
insert into job_tags (job_id, tag_id) values (9, 6);
insert into job_tags (job_id, tag_id) values (55, 34);
insert into job_tags (job_id, tag_id) values (95, 23);
insert into job_tags (job_id, tag_id) values (60, 51);
insert into job_tags (job_id, tag_id) values (29, 38);
insert into job_tags (job_id, tag_id) values (2, 1);
insert into job_tags (job_id, tag_id) values (3, 23);
insert into job_tags (job_id, tag_id) values (66, 20);
insert into job_tags (job_id, tag_id) values (32, 39);
insert into job_tags (job_id, tag_id) values (25, 6);
insert into job_tags (job_id, tag_id) values (86, 25);
insert into job_tags (job_id, tag_id) values (4, 49);
insert into job_tags (job_id, tag_id) values (3, 25);
insert into job_tags (job_id, tag_id) values (62, 12);
insert into job_tags (job_id, tag_id) values (2, 48);
insert into job_tags (job_id, tag_id) values (83, 4);
insert into job_tags (job_id, tag_id) values (33, 43);
insert into job_tags (job_id, tag_id) values (89, 44);
insert into job_tags (job_id, tag_id) values (75, 6);
insert into job_tags (job_id, tag_id) values (21, 27);
insert into job_tags (job_id, tag_id) values (5, 7);
insert into job_tags (job_id, tag_id) values (17, 23);
insert into job_tags (job_id, tag_id) values (7, 17);
insert into job_tags (job_id, tag_id) values (31, 45);
insert into job_tags (job_id, tag_id) values (61, 4);
insert into job_tags (job_id, tag_id) values (63, 7);
insert into job_tags (job_id, tag_id) values (10, 17);
insert into job_tags (job_id, tag_id) values (5, 14);
insert into job_tags (job_id, tag_id) values (70, 25);
insert into job_tags (job_id, tag_id) values (69, 40);
insert into job_tags (job_id, tag_id) values (61, 40);
insert into job_tags (job_id, tag_id) values (17, 32);
insert into job_tags (job_id, tag_id) values (90, 12);
insert into job_tags (job_id, tag_id) values (26, 40);
insert into job_tags (job_id, tag_id) values (4, 43);
insert into job_tags (job_id, tag_id) values (59, 21);
insert into job_tags (job_id, tag_id) values (70, 10);
insert into job_tags (job_id, tag_id) values (100, 37);
insert into job_tags (job_id, tag_id) values (71, 41);
insert into job_tags (job_id, tag_id) values (57, 4);
insert into job_tags (job_id, tag_id) values (27, 10);
insert into job_tags (job_id, tag_id) values (10, 20);
insert into job_tags (job_id, tag_id) values (29, 43);
insert into job_tags (job_id, tag_id) values (84, 4);
insert into job_tags (job_id, tag_id) values (59, 40);
insert into job_tags (job_id, tag_id) values (28, 43);
insert into job_tags (job_id, tag_id) values (18, 46);
insert into job_tags (job_id, tag_id) values (51, 14);
insert into job_tags (job_id, tag_id) values (48, 40);
insert into job_tags (job_id, tag_id) values (17, 42);
insert into job_tags (job_id, tag_id) values (43, 50);
insert into job_tags (job_id, tag_id) values (32, 22);
insert into job_tags (job_id, tag_id) values (28, 11);
insert into job_tags (job_id, tag_id) values (57, 22);
insert into job_tags (job_id, tag_id) values (65, 37);
insert into job_tags (job_id, tag_id) values (19, 8);
insert into job_tags (job_id, tag_id) values (5, 30);
insert into job_tags (job_id, tag_id) values (85, 35);
insert into job_tags (job_id, tag_id) values (15, 33);
insert into job_tags (job_id, tag_id) values (59, 9);
insert into job_tags (job_id, tag_id) values (67, 41);
insert into job_tags (job_id, tag_id) values (28, 40);
insert into job_tags (job_id, tag_id) values (39, 25);
insert into job_tags (job_id, tag_id) values (49, 47);
insert into job_tags (job_id, tag_id) values (100, 40);
insert into job_tags (job_id, tag_id) values (5, 20);
insert into job_tags (job_id, tag_id) values (2, 18);
insert into job_tags (job_id, tag_id) values (87, 28);
insert into job_tags (job_id, tag_id) values (77, 9);
insert into job_tags (job_id, tag_id) values (42, 35);
insert into job_tags (job_id, tag_id) values (45, 3);
insert into job_tags (job_id, tag_id) values (75, 15);
insert into job_tags (job_id, tag_id) values (89, 29);
insert into job_tags (job_id, tag_id) values (10, 50);
insert into job_tags (job_id, tag_id) values (80, 5);
insert into job_tags (job_id, tag_id) values (96, 13);
insert into job_tags (job_id, tag_id) values (100, 10);
insert into job_tags (job_id, tag_id) values (95, 29);
insert into job_tags (job_id, tag_id) values (41, 5);
insert into job_tags (job_id, tag_id) values (66, 27);
insert into job_tags (job_id, tag_id) values (36, 15);
insert into job_tags (job_id, tag_id) values (67, 2);
insert into job_tags (job_id, tag_id) values (71, 16);
insert into job_tags (job_id, tag_id) values (8, 19);
insert into job_tags (job_id, tag_id) values (59, 38);
insert into job_tags (job_id, tag_id) values (98, 24);
insert into job_tags (job_id, tag_id) values (71, 43);
insert into job_tags (job_id, tag_id) values (100, 28);
insert into job_tags (job_id, tag_id) values (31, 21);
insert into job_tags (job_id, tag_id) values (25, 8);
insert into job_tags (job_id, tag_id) values (65, 49);
insert into job_tags (job_id, tag_id) values (15, 5);
insert into job_tags (job_id, tag_id) values (24, 31);
insert into job_tags (job_id, tag_id) values (16, 45);
insert into job_tags (job_id, tag_id) values (12, 26);
insert into job_tags (job_id, tag_id) values (100, 3);
insert into job_tags (job_id, tag_id) values (14, 8);
insert into job_tags (job_id, tag_id) values (75, 10);
insert into job_tags (job_id, tag_id) values (87, 26);
insert into job_tags (job_id, tag_id) values (27, 23);
insert into job_tags (job_id, tag_id) values (47, 4);
insert into job_tags (job_id, tag_id) values (31, 36);
insert into job_tags (job_id, tag_id) values (4, 9);
insert into job_tags (job_id, tag_id) values (48, 29);
insert into job_tags (job_id, tag_id) values (81, 51);
insert into job_tags (job_id, tag_id) values (100, 41);
insert into job_tags (job_id, tag_id) values (32, 18);
insert into job_tags (job_id, tag_id) values (28, 32);
insert into job_tags (job_id, tag_id) values (25, 16);
insert into job_tags (job_id, tag_id) values (25, 13);
insert into job_tags (job_id, tag_id) values (7, 49);
insert into job_tags (job_id, tag_id) values (18, 22);
insert into job_tags (job_id, tag_id) values (28, 23);
insert into job_tags (job_id, tag_id) values (59, 51);
insert into job_tags (job_id, tag_id) values (51, 21);
insert into job_tags (job_id, tag_id) values (19, 51);
insert into job_tags (job_id, tag_id) values (45, 37);
insert into job_tags (job_id, tag_id) values (20, 33);
insert into job_tags (job_id, tag_id) values (76, 4);
insert into job_tags (job_id, tag_id) values (13, 40);
insert into job_tags (job_id, tag_id) values (40, 36);
insert into job_tags (job_id, tag_id) values (69, 7);
insert into job_tags (job_id, tag_id) values (84, 14);
insert into job_tags (job_id, tag_id) values (1, 17);
insert into job_tags (job_id, tag_id) values (68, 11);
insert into job_tags (job_id, tag_id) values (24, 9);
insert into job_tags (job_id, tag_id) values (14, 38);
insert into job_tags (job_id, tag_id) values (29, 10);
insert into job_tags (job_id, tag_id) values (97, 5);
insert into job_tags (job_id, tag_id) values (28, 19);
insert into job_tags (job_id, tag_id) values (60, 1);
insert into job_tags (job_id, tag_id) values (22, 36);
insert into job_tags (job_id, tag_id) values (93, 10);
insert into job_tags (job_id, tag_id) values (55, 4);
insert into job_tags (job_id, tag_id) values (54, 28);
insert into job_tags (job_id, tag_id) values (31, 9);
insert into job_tags (job_id, tag_id) values (33, 24);
insert into job_tags (job_id, tag_id) values (10, 7);
insert into job_tags (job_id, tag_id) values (25, 24);
insert into job_tags (job_id, tag_id) values (32, 15);
insert into job_tags (job_id, tag_id) values (20, 18);
insert into job_tags (job_id, tag_id) values (31, 1);
insert into job_tags (job_id, tag_id) values (63, 33);
insert into job_tags (job_id, tag_id) values (16, 38);
insert into job_tags (job_id, tag_id) values (25, 11);
insert into job_tags (job_id, tag_id) values (95, 16);
insert into job_tags (job_id, tag_id) values (18, 49);
insert into job_tags (job_id, tag_id) values (100, 17);
insert into job_tags (job_id, tag_id) values (80, 35);
insert into job_tags (job_id, tag_id) values (11, 32);
insert into job_tags (job_id, tag_id) values (22, 40);
insert into job_tags (job_id, tag_id) values (77, 40);
insert into job_tags (job_id, tag_id) values (9, 38);
insert into job_tags (job_id, tag_id) values (100, 41);
insert into job_tags (job_id, tag_id) values (2, 13);
insert into job_tags (job_id, tag_id) values (57, 25);
insert into job_tags (job_id, tag_id) values (37, 13);
insert into job_tags (job_id, tag_id) values (79, 50);
insert into job_tags (job_id, tag_id) values (98, 45);
insert into job_tags (job_id, tag_id) values (68, 3);
insert into job_tags (job_id, tag_id) values (39, 23);
insert into job_tags (job_id, tag_id) values (61, 40);
insert into job_tags (job_id, tag_id) values (37, 51);
insert into job_tags (job_id, tag_id) values (16, 14);
insert into job_tags (job_id, tag_id) values (29, 25);
insert into job_tags (job_id, tag_id) values (82, 33);
insert into job_tags (job_id, tag_id) values (82, 33);
insert into job_tags (job_id, tag_id) values (11, 9);
insert into job_tags (job_id, tag_id) values (56, 28);
insert into job_tags (job_id, tag_id) values (98, 23);
insert into job_tags (job_id, tag_id) values (51, 19);
insert into job_tags (job_id, tag_id) values (96, 11);
insert into job_tags (job_id, tag_id) values (100, 30);
insert into job_tags (job_id, tag_id) values (41, 42);
insert into job_tags (job_id, tag_id) values (83, 14);
insert into job_tags (job_id, tag_id) values (53, 37);
insert into job_tags (job_id, tag_id) values (75, 25);
insert into job_tags (job_id, tag_id) values (42, 41);
insert into job_tags (job_id, tag_id) values (68, 15);
insert into job_tags (job_id, tag_id) values (35, 26);
insert into job_tags (job_id, tag_id) values (48, 40);
insert into job_tags (job_id, tag_id) values (83, 15);
insert into job_tags (job_id, tag_id) values (69, 13);
insert into job_tags (job_id, tag_id) values (57, 49);
insert into job_tags (job_id, tag_id) values (90, 23);
insert into job_tags (job_id, tag_id) values (70, 9);
insert into job_tags (job_id, tag_id) values (11, 24);
insert into job_tags (job_id, tag_id) values (100, 20);
insert into job_tags (job_id, tag_id) values (63, 24);
insert into job_tags (job_id, tag_id) values (89, 48);
insert into job_tags (job_id, tag_id) values (13, 7);
insert into job_tags (job_id, tag_id) values (9, 5);
insert into job_tags (job_id, tag_id) values (73, 39);
insert into job_tags (job_id, tag_id) values (31, 9);
insert into job_tags (job_id, tag_id) values (14, 22);
insert into job_tags (job_id, tag_id) values (94, 8);
insert into job_tags (job_id, tag_id) values (5, 19);
insert into job_tags (job_id, tag_id) values (1, 13);
insert into job_tags (job_id, tag_id) values (11, 15);
insert into job_tags (job_id, tag_id) values (62, 16);
insert into job_tags (job_id, tag_id) values (32, 41);
insert into job_tags (job_id, tag_id) values (6, 14);
insert into job_tags (job_id, tag_id) values (49, 5);
insert into job_tags (job_id, tag_id) values (74, 24);
insert into job_tags (job_id, tag_id) values (60, 50);
insert into job_tags (job_id, tag_id) values (42, 22);
insert into job_tags (job_id, tag_id) values (83, 37);
insert into job_tags (job_id, tag_id) values (29, 39);
insert into job_tags (job_id, tag_id) values (78, 19);
insert into job_tags (job_id, tag_id) values (50, 50);
insert into job_tags (job_id, tag_id) values (34, 35);
insert into job_tags (job_id, tag_id) values (54, 28);
insert into job_tags (job_id, tag_id) values (20, 41);
insert into job_tags (job_id, tag_id) values (69, 34);
insert into job_tags (job_id, tag_id) values (80, 21);
insert into job_tags (job_id, tag_id) values (73, 12);
insert into job_tags (job_id, tag_id) values (33, 12);
insert into job_tags (job_id, tag_id) values (45, 47);
insert into job_tags (job_id, tag_id) values (42, 4);
insert into job_tags (job_id, tag_id) values (77, 4);
insert into job_tags (job_id, tag_id) values (79, 49);
insert into job_tags (job_id, tag_id) values (42, 47);
insert into job_tags (job_id, tag_id) values (4, 51);
insert into job_tags (job_id, tag_id) values (33, 10);
insert into job_tags (job_id, tag_id) values (4, 32);
insert into job_tags (job_id, tag_id) values (29, 25);
insert into job_tags (job_id, tag_id) values (70, 16);
insert into job_tags (job_id, tag_id) values (55, 4);
insert into job_tags (job_id, tag_id) values (34, 14);
insert into job_tags (job_id, tag_id) values (13, 7);
insert into job_tags (job_id, tag_id) values (42, 4);
insert into job_tags (job_id, tag_id) values (53, 16);
insert into job_tags (job_id, tag_id) values (66, 29);
insert into job_tags (job_id, tag_id) values (73, 37);
insert into job_tags (job_id, tag_id) values (58, 42);
insert into job_tags (job_id, tag_id) values (23, 40);
insert into job_tags (job_id, tag_id) values (8, 42);
insert into job_tags (job_id, tag_id) values (10, 2);
insert into job_tags (job_id, tag_id) values (2, 7);
insert into job_tags (job_id, tag_id) values (97, 32);
insert into job_tags (job_id, tag_id) values (5, 35);
insert into job_tags (job_id, tag_id) values (49, 43);
insert into job_tags (job_id, tag_id) values (7, 18);
insert into job_tags (job_id, tag_id) values (1, 25);
insert into job_tags (job_id, tag_id) values (100, 21);
insert into job_tags (job_id, tag_id) values (56, 41);
insert into job_tags (job_id, tag_id) values (46, 16);
insert into job_tags (job_id, tag_id) values (78, 9);
insert into job_tags (job_id, tag_id) values (37, 6);
insert into job_tags (job_id, tag_id) values (38, 22);
insert into job_tags (job_id, tag_id) values (43, 7);
insert into job_tags (job_id, tag_id) values (77, 1);
insert into job_tags (job_id, tag_id) values (64, 39);
insert into job_tags (job_id, tag_id) values (49, 35);
insert into job_tags (job_id, tag_id) values (8, 46);
insert into job_tags (job_id, tag_id) values (69, 10);
insert into job_tags (job_id, tag_id) values (57, 5);
insert into job_tags (job_id, tag_id) values (59, 5);
insert into job_tags (job_id, tag_id) values (99, 46);
insert into job_tags (job_id, tag_id) values (7, 11);
insert into job_tags (job_id, tag_id) values (40, 25);
insert into job_tags (job_id, tag_id) values (22, 18);
insert into job_tags (job_id, tag_id) values (87, 18);
insert into job_tags (job_id, tag_id) values (4, 28);
insert into job_tags (job_id, tag_id) values (23, 27);
insert into job_tags (job_id, tag_id) values (39, 35);
insert into job_tags (job_id, tag_id) values (70, 42);
insert into job_tags (job_id, tag_id) values (3, 42);
insert into job_tags (job_id, tag_id) values (89, 14);
insert into job_tags (job_id, tag_id) values (95, 36);
insert into job_tags (job_id, tag_id) values (21, 46);
insert into job_tags (job_id, tag_id) values (12, 48);
insert into job_tags (job_id, tag_id) values (86, 40);
insert into job_tags (job_id, tag_id) values (89, 9);
insert into job_tags (job_id, tag_id) values (24, 4);
insert into job_tags (job_id, tag_id) values (62, 1);
insert into job_tags (job_id, tag_id) values (35, 25);
insert into job_tags (job_id, tag_id) values (37, 5);
insert into job_tags (job_id, tag_id) values (92, 3);
insert into job_tags (job_id, tag_id) values (54, 11);
insert into job_tags (job_id, tag_id) values (98, 28);
insert into job_tags (job_id, tag_id) values (99, 39);
insert into job_tags (job_id, tag_id) values (48, 8);
insert into job_tags (job_id, tag_id) values (69, 36);
insert into job_tags (job_id, tag_id) values (1, 23);
insert into job_tags (job_id, tag_id) values (76, 14);
insert into job_tags (job_id, tag_id) values (75, 35);
insert into job_tags (job_id, tag_id) values (76, 37);
insert into job_tags (job_id, tag_id) values (72, 15);
insert into job_tags (job_id, tag_id) values (38, 39);
insert into job_tags (job_id, tag_id) values (1, 28);
insert into job_tags (job_id, tag_id) values (75, 22);
insert into job_tags (job_id, tag_id) values (76, 51);
insert into job_tags (job_id, tag_id) values (86, 34);
insert into job_tags (job_id, tag_id) values (100, 8);
insert into job_tags (job_id, tag_id) values (75, 43);
insert into job_tags (job_id, tag_id) values (44, 15);
insert into job_tags (job_id, tag_id) values (17, 3);
insert into job_tags (job_id, tag_id) values (46, 34);
insert into job_tags (job_id, tag_id) values (26, 27);
insert into job_tags (job_id, tag_id) values (27, 28);
insert into job_tags (job_id, tag_id) values (43, 43);
insert into job_tags (job_id, tag_id) values (69, 28);
insert into job_tags (job_id, tag_id) values (69, 3);
insert into job_tags (job_id, tag_id) values (15, 50);
insert into job_tags (job_id, tag_id) values (82, 48);
insert into job_tags (job_id, tag_id) values (83, 26);
insert into job_tags (job_id, tag_id) values (31, 30);
insert into job_tags (job_id, tag_id) values (62, 44);
insert into job_tags (job_id, tag_id) values (6, 35);
insert into job_tags (job_id, tag_id) values (16, 26);
insert into job_tags (job_id, tag_id) values (75, 20);
insert into job_tags (job_id, tag_id) values (10, 34);
insert into job_tags (job_id, tag_id) values (14, 9);
insert into job_tags (job_id, tag_id) values (51, 21);
insert into job_tags (job_id, tag_id) values (65, 31);
insert into job_tags (job_id, tag_id) values (27, 5);
insert into job_tags (job_id, tag_id) values (31, 19);
insert into job_tags (job_id, tag_id) values (79, 20);
insert into job_tags (job_id, tag_id) values (75, 11);
insert into job_tags (job_id, tag_id) values (90, 27);
insert into job_tags (job_id, tag_id) values (67, 49);
insert into job_tags (job_id, tag_id) values (84, 30);
insert into job_tags (job_id, tag_id) values (49, 3);
insert into job_tags (job_id, tag_id) values (6, 9);
insert into job_tags (job_id, tag_id) values (75, 20);
insert into job_tags (job_id, tag_id) values (90, 18);
insert into job_tags (job_id, tag_id) values (10, 2);
insert into job_tags (job_id, tag_id) values (53, 10);
insert into job_tags (job_id, tag_id) values (98, 25);
insert into job_tags (job_id, tag_id) values (64, 25);
insert into job_tags (job_id, tag_id) values (36, 17);
insert into job_tags (job_id, tag_id) values (95, 11);
insert into job_tags (job_id, tag_id) values (94, 39);
insert into job_tags (job_id, tag_id) values (1, 13);
insert into job_tags (job_id, tag_id) values (60, 19);
insert into job_tags (job_id, tag_id) values (40, 13);
insert into job_tags (job_id, tag_id) values (100, 16);
insert into job_tags (job_id, tag_id) values (82, 21);
insert into job_tags (job_id, tag_id) values (78, 2);
insert into job_tags (job_id, tag_id) values (5, 11);
insert into job_tags (job_id, tag_id) values (20, 28);
insert into job_tags (job_id, tag_id) values (14, 17);
insert into job_tags (job_id, tag_id) values (81, 14);
insert into job_tags (job_id, tag_id) values (43, 21);
insert into job_tags (job_id, tag_id) values (21, 48);
insert into job_tags (job_id, tag_id) values (25, 9);
insert into job_tags (job_id, tag_id) values (57, 31);
insert into job_tags (job_id, tag_id) values (10, 10);
insert into job_tags (job_id, tag_id) values (26, 35);
insert into job_tags (job_id, tag_id) values (13, 48);
insert into job_tags (job_id, tag_id) values (6, 26);
insert into job_tags (job_id, tag_id) values (24, 45);
insert into job_tags (job_id, tag_id) values (26, 48);
insert into job_tags (job_id, tag_id) values (33, 15);
insert into job_tags (job_id, tag_id) values (21, 26);
insert into job_tags (job_id, tag_id) values (54, 39);
insert into job_tags (job_id, tag_id) values (4, 18);
insert into job_tags (job_id, tag_id) values (2, 37);
insert into job_tags (job_id, tag_id) values (40, 4);
insert into job_tags (job_id, tag_id) values (82, 22);
insert into job_tags (job_id, tag_id) values (64, 41);
insert into job_tags (job_id, tag_id) values (58, 37);
insert into job_tags (job_id, tag_id) values (79, 43);
insert into job_tags (job_id, tag_id) values (11, 3);
insert into job_tags (job_id, tag_id) values (17, 39);
insert into job_tags (job_id, tag_id) values (62, 45);
insert into job_tags (job_id, tag_id) values (4, 18);
insert into job_tags (job_id, tag_id) values (53, 51);
insert into job_tags (job_id, tag_id) values (9, 30);
insert into job_tags (job_id, tag_id) values (13, 18);
insert into job_tags (job_id, tag_id) values (62, 28);
insert into job_tags (job_id, tag_id) values (89, 10);
insert into job_tags (job_id, tag_id) values (19, 29);
insert into job_tags (job_id, tag_id) values (82, 41);
insert into job_tags (job_id, tag_id) values (85, 17);
insert into job_tags (job_id, tag_id) values (15, 50);
insert into job_tags (job_id, tag_id) values (14, 40);
insert into job_tags (job_id, tag_id) values (75, 24);
insert into job_tags (job_id, tag_id) values (12, 33);
insert into job_tags (job_id, tag_id) values (20, 7);
insert into job_tags (job_id, tag_id) values (30, 24);
insert into job_tags (job_id, tag_id) values (99, 36);
insert into job_tags (job_id, tag_id) values (37, 19);
insert into job_tags (job_id, tag_id) values (83, 44);
insert into job_tags (job_id, tag_id) values (88, 36);
insert into job_tags (job_id, tag_id) values (12, 20);
insert into job_tags (job_id, tag_id) values (75, 28);
insert into job_tags (job_id, tag_id) values (76, 31);
insert into job_tags (job_id, tag_id) values (44, 44);
insert into job_tags (job_id, tag_id) values (71, 38);
insert into job_tags (job_id, tag_id) values (78, 8);




insert into job_views (id, times, job_id, viewer_id) values (1, 21, 51, 100);
insert into job_views (id, times, job_id, viewer_id) values (2, 12, 92, 2);
insert into job_views (id, times, job_id, viewer_id) values (3, 23, 62, 3);
insert into job_views (id, times, job_id, viewer_id) values (4, 3, 82, 4);
insert into job_views (id, times, job_id, viewer_id) values (5, 14, 82, 5);
insert into job_views (id, times, job_id, viewer_id) values (6, 15, 12, 6);
insert into job_views (id, times, job_id, viewer_id) values (7, 22, 55, 7);
insert into job_views (id, times, job_id, viewer_id) values (8, 8, 73, 8);
insert into job_views (id, times, job_id, viewer_id) values (9, 10, 18, 9);
insert into job_views (id, times, job_id, viewer_id) values (10, 8, 44, 10);
insert into job_views (id, times, job_id, viewer_id) values (11, 17, 45, 11);
insert into job_views (id, times, job_id, viewer_id) values (12, 4, 94, 12);
insert into job_views (id, times, job_id, viewer_id) values (13, 13, 37, 13);
insert into job_views (id, times, job_id, viewer_id) values (14, 17, 63, 14);
insert into job_views (id, times, job_id, viewer_id) values (15, 11, 6, 15);
insert into job_views (id, times, job_id, viewer_id) values (16, 22, 85, 16);
insert into job_views (id, times, job_id, viewer_id) values (17, 24, 70, 17);
insert into job_views (id, times, job_id, viewer_id) values (18, 7, 86, 18);
insert into job_views (id, times, job_id, viewer_id) values (19, 13, 9, 19);
insert into job_views (id, times, job_id, viewer_id) values (20, 16, 23, 20);
insert into job_views (id, times, job_id, viewer_id) values (21, 1, 86, 21);
insert into job_views (id, times, job_id, viewer_id) values (22, 20, 34, 22);
insert into job_views (id, times, job_id, viewer_id) values (23, 22, 51, 23);
insert into job_views (id, times, job_id, viewer_id) values (24, 10, 18, 24);
insert into job_views (id, times, job_id, viewer_id) values (25, 15, 54, 25);
insert into job_views (id, times, job_id, viewer_id) values (26, 14, 2, 26);
insert into job_views (id, times, job_id, viewer_id) values (27, 2, 32, 27);
insert into job_views (id, times, job_id, viewer_id) values (28, 2, 16, 28);
insert into job_views (id, times, job_id, viewer_id) values (29, 8, 46, 29);
insert into job_views (id, times, job_id, viewer_id) values (30, 10, 83, 30);
insert into job_views (id, times, job_id, viewer_id) values (31, 5, 9, 31);
insert into job_views (id, times, job_id, viewer_id) values (32, 19, 99, 32);
insert into job_views (id, times, job_id, viewer_id) values (33, 19, 37, 33);
insert into job_views (id, times, job_id, viewer_id) values (34, 13, 48, 34);
insert into job_views (id, times, job_id, viewer_id) values (35, 22, 88, 35);
insert into job_views (id, times, job_id, viewer_id) values (36, 7, 40, 36);
insert into job_views (id, times, job_id, viewer_id) values (37, 17, 88, 37);
insert into job_views (id, times, job_id, viewer_id) values (38, 25, 20, 38);
insert into job_views (id, times, job_id, viewer_id) values (39, 1, 13, 39);
insert into job_views (id, times, job_id, viewer_id) values (40, 8, 89, 40);
insert into job_views (id, times, job_id, viewer_id) values (41, 23, 18, 41);
insert into job_views (id, times, job_id, viewer_id) values (42, 5, 83, 42);
insert into job_views (id, times, job_id, viewer_id) values (43, 16, 68, 43);
insert into job_views (id, times, job_id, viewer_id) values (44, 11, 85, 44);
insert into job_views (id, times, job_id, viewer_id) values (45, 14, 31, 45);
insert into job_views (id, times, job_id, viewer_id) values (46, 24, 47, 46);
insert into job_views (id, times, job_id, viewer_id) values (47, 17, 78, 47);
insert into job_views (id, times, job_id, viewer_id) values (48, 8, 7, 48);
insert into job_views (id, times, job_id, viewer_id) values (49, 11, 83, 49);
insert into job_views (id, times, job_id, viewer_id) values (50, 12, 92, 50);
insert into job_views (id, times, job_id, viewer_id) values (51, 11, 67, 51);
insert into job_views (id, times, job_id, viewer_id) values (52, 3, 43, 52);
insert into job_views (id, times, job_id, viewer_id) values (53, 8, 64, 53);
insert into job_views (id, times, job_id, viewer_id) values (54, 19, 34, 54);
insert into job_views (id, times, job_id, viewer_id) values (55, 3, 11, 55);
insert into job_views (id, times, job_id, viewer_id) values (56, 17, 27, 56);
insert into job_views (id, times, job_id, viewer_id) values (57, 15, 31, 57);
insert into job_views (id, times, job_id, viewer_id) values (58, 15, 30, 58);
insert into job_views (id, times, job_id, viewer_id) values (59, 17, 23, 59);
insert into job_views (id, times, job_id, viewer_id) values (60, 5, 57, 60);
insert into job_views (id, times, job_id, viewer_id) values (61, 11, 5, 61);
insert into job_views (id, times, job_id, viewer_id) values (62, 13, 99, 62);
insert into job_views (id, times, job_id, viewer_id) values (63, 11, 32, 63);
insert into job_views (id, times, job_id, viewer_id) values (64, 10, 72, 64);
insert into job_views (id, times, job_id, viewer_id) values (65, 17, 65, 65);
insert into job_views (id, times, job_id, viewer_id) values (66, 20, 25, 66);
insert into job_views (id, times, job_id, viewer_id) values (67, 18, 13, 67);
insert into job_views (id, times, job_id, viewer_id) values (68, 16, 6, 68);
insert into job_views (id, times, job_id, viewer_id) values (69, 18, 96, 69);
insert into job_views (id, times, job_id, viewer_id) values (70, 6, 65, 70);
insert into job_views (id, times, job_id, viewer_id) values (71, 11, 90, 71);
insert into job_views (id, times, job_id, viewer_id) values (72, 21, 60, 72);
insert into job_views (id, times, job_id, viewer_id) values (73, 19, 85, 73);
insert into job_views (id, times, job_id, viewer_id) values (74, 5, 58, 74);
insert into job_views (id, times, job_id, viewer_id) values (75, 12, 83, 75);
insert into job_views (id, times, job_id, viewer_id) values (76, 9, 52, 76);
insert into job_views (id, times, job_id, viewer_id) values (77, 23, 64, 77);
insert into job_views (id, times, job_id, viewer_id) values (78, 20, 88, 78);
insert into job_views (id, times, job_id, viewer_id) values (79, 14, 22, 79);
insert into job_views (id, times, job_id, viewer_id) values (80, 16, 82, 80);
insert into job_views (id, times, job_id, viewer_id) values (81, 8, 68, 81);
insert into job_views (id, times, job_id, viewer_id) values (82, 25, 91, 82);
insert into job_views (id, times, job_id, viewer_id) values (83, 19, 67, 83);
insert into job_views (id, times, job_id, viewer_id) values (84, 18, 91, 84);
insert into job_views (id, times, job_id, viewer_id) values (85, 5, 47, 85);
insert into job_views (id, times, job_id, viewer_id) values (86, 6, 58, 86);
insert into job_views (id, times, job_id, viewer_id) values (87, 9, 84, 87);
insert into job_views (id, times, job_id, viewer_id) values (88, 24, 95, 88);
insert into job_views (id, times, job_id, viewer_id) values (89, 22, 46, 89);
insert into job_views (id, times, job_id, viewer_id) values (90, 25, 89, 90);
insert into job_views (id, times, job_id, viewer_id) values (91, 12, 48, 91);
insert into job_views (id, times, job_id, viewer_id) values (92, 12, 37, 92);
insert into job_views (id, times, job_id, viewer_id) values (93, 15, 60, 93);
insert into job_views (id, times, job_id, viewer_id) values (94, 15, 52, 94);
insert into job_views (id, times, job_id, viewer_id) values (95, 14, 69, 95);
insert into job_views (id, times, job_id, viewer_id) values (96, 14, 100, 96);
insert into job_views (id, times, job_id, viewer_id) values (97, 8, 76, 97);
insert into job_views (id, times, job_id, viewer_id) values (98, 5, 18, 98);
insert into job_views (id, times, job_id, viewer_id) values (99, 3, 83, 99);
